latitude,longitude,avg_ws100_mean,avg_ws100_std,max_ws100_mean,min_ws100_mean,annual_energy_mwh_mean,annual_energy_mwh_std,annual_energy_gwh_mean,capacity_factor_mean,capacity_factor_std,full_load_hours_mean,full_load_hours_std,low_ratio_mean,high_ratio_mean,safe_ratio_mean,rated_ratio_mean,avg_ws100_cv,annual_energy_mwh_cv,capacity_factor_cv,distance_to_load_km,n_turbines,installed_capacity_mw,score_energy,score_cf,score_turbines,score_distance,score_lowrisk,composite_score,distance_to_control_point,elevation_m,slope_deg,nearest_town_name,distance_to_nearest_town_km,elevation_penalty,slope_penalty,score_town_dist,score_load_dist,score_elevation,score_slope,composite_score_v4,distance_to_reference_point
37.5,99.75,4.312873026666667,0.2509727909147495,16.39732085,0.0427527029866666,1638.0049633333333,301.6075776906161,1.6380049666666667,0.0934263227,0.0172160950519749,819.002474,150.8037828655549,0.3737169074531526,0.0,0.6262830925468473,0.0102553002137551,0.058191555689902,0.1841310523729097,0.1842745658229248,153.3613351609366,679,1358.0,1.0,1.0,1.0,0.4594770209099055,0.8976005866642341,0.9086816118029092,154.17294589988887,3963.650146484375,5.42981481552124,黑马河乡,85.75808744657091,0.5,0.3,0.5960099871145869,0.4594770209099055,0.5,0.7,0.8286878403052691,115.85442761714634
37.25,99.75,4.1806828933333335,0.2368148787704189,17.6246218,0.0494335681666666,1559.73833,294.9465477813192,1.5597383233333335,0.0889623252333333,0.0168356275488942,779.8691660000001,147.4732709556407,0.4014707209455131,3.80517503805e-06,0.5985254738794487,0.0156126539744325,0.0566450230291449,0.1891000189636419,0.189244463931639,129.88700721546732,713,1426.0,0.9507011709803916,0.9507018838763998,0.9984085377270174,0.5478354984958669,0.8480254866447273,0.8919307359400046,129.72702629953938,3337.343994140625,3.962970495223999,黑马河乡,57.97691578715151,0.0,0.0,0.3967975542800909,0.5478354984958669,1.0,1.0,0.8426523437409525,88.06651063381435
37.5,99.5,4.2467711,0.232507131375828,16.239560133333335,0.0415337384533333,1536.4334933333334,271.5720305999407,1.53643349,0.0876328314666666,0.0154995998309575,768.216744,135.78601221304413,0.3733110533057198,0.0,0.6266889466942802,0.0095439196213954,0.0547491555115433,0.176754823282821,0.1768697823811979,165.35976294653855,724,1448.0,0.9360218483977172,0.9360196313473278,0.9978936528739936,0.4143143728024222,0.8983255414513611,0.8694636040727787,165.01643414182558,4052.142822265625,8.995024681091309,黑马河乡,89.19842476683874,1.0,0.3,0.6206798597802881,0.4143143728024222,0.0,0.7,0.7708531833529237,117.43552196193087
36.75,99.25,4.024629726666666,0.2246427404235598,16.568509433333336,0.0438480516,1504.6744833333332,258.3765415932044,1.504674463333333,0.0858193329,0.0147344816686319,752.3372443333334,129.18827589113528,0.4480464688807378,0.0,0.551953531119262,0.0108820624464571,0.0558169957686061,0.17171590563616,0.1716918690780451,130.11885481005416,739,1478.0,0.9160173849738992,0.915992276135527,0.9971915371653248,0.5469628132144289,0.7648298074993127,0.8658289577427021,124.797880699566,3204.2314453125,1.1179379224777222,黑马河乡,47.11655326169225,0.0,0.0,0.318920376647528,0.5469628132144289,1.0,1.0,0.8133672061574333,52.91760724355338
34.75,98.5,4.346891996666667,0.2468772742169627,17.15406035,0.0481558436666666,1497.14026,292.500114211771,1.4971402633333333,0.0853900697,0.0166836590597524,748.5701286666666,146.25005451026675,0.3360567678053081,2.2820653575196667e-05,0.6639204115411167,0.0093466015420315,0.0567939747309746,0.1953725526102484,0.1953817243429707,255.77215346043937,743,1486.0,0.9112717050834196,0.9112517118231126,0.9970043063096798,0.0739978704823811,0.964870808477334,0.812469691887159,246.1571133304576,4258.0,0.7747737765312195,温泉乡,118.00420549053428,1.0,0.0,0.8272395300495853,0.0739978704823811,0.0,1.0,0.7561992426803898,219.59076026546225
36.75,99.0,4.15877944,0.219088518056782,16.247070516666664,0.0371422862266666,1492.5858616666667,249.3208418154724,1.492585875,0.0851295034333333,0.0142151113124312,746.2929276666667,124.66041946661976,0.4004032653808086,0.0,0.5995967346191914,0.0080607018988446,0.0526809659462926,0.1670395306686565,0.1669821946461069,150.96002799830478,745,1490.0,0.9084029665781368,0.908374150586139,0.9969106908818574,0.4685156543310323,0.8499322234036657,0.8586939633011546,145.14513626477515,3063.400146484375,2.5473763942718506,黑马河乡,69.37485787165478,0.0,0.0,0.4785295920716185,0.4685156543310323,1.0,1.0,0.8239873609076382,71.86644434699691
37.25,99.5,4.087906206666667,0.2311342782159443,16.939572033333334,0.0390999081966666,1478.1075933333334,277.6454994635486,1.478107588,0.0843058749666666,0.0158446860453289,739.053795,138.82274135443384,0.4157908110221157,0.0,0.5842091889778842,0.012851822741223,0.0565409934892841,0.187838490726795,0.1879428456390936,143.90083129575802,752,1504.0,0.8992833501507235,0.8992784169761563,0.9965830368844786,0.4950868036762155,0.8224463027955842,0.8552940984925587,142.48397789417697,3418.69677734375,5.69815731048584,黑马河乡,62.97008652630632,0.0,0.3,0.432602440506615,0.4950868036762155,1.0,0.7,0.8019361223954246,90.14314475576384
37.0,100.0,3.8758217833333335,0.2113162434406196,17.653005416666666,0.0298902463066666,1436.551365,257.6283155541972,1.4365513566666666,0.081934763,0.0146971895500409,718.2756783333333,128.8141555521602,0.4670236565444851,1.1415525114153334e-05,0.5329649279304006,0.0160297053172642,0.0545216615349327,0.1793380465405058,0.1793767262137671,94.4055896851292,774,1548.0,0.8731077845482065,0.8730930631654445,0.995553267178431,0.681389227610298,0.7309319081429526,0.8607408397479984,94.58225420891551,3194.0,0.0,黑马河乡,36.01544071198357,0.0,0.0,0.2393168356123103,0.681389227610298,1.0,1.0,0.8046667736223352,65.23942171792993
37.0,100.25,3.813128943333333,0.2017900210166169,18.11818573333333,0.0311676293333333,1423.03962,237.28721768691096,1.4230396166666668,0.0811640787333333,0.0135361567339281,711.5198053333334,118.64360826949144,0.4854739730186058,2.2820653575193333e-05,0.5145032063278189,0.0156876970165763,0.0529197999898261,0.1667467401131888,0.16677521565176,83.97987676082182,781,1562.0,0.8645969648266706,0.8645820183549427,0.9952256131810522,0.720632102800592,0.6979751296141978,0.8589942247957614,86.32870640326571,3194.0,0.0,江西沟乡,48.248634782449486,0.0,0.0,0.3270382745058985,0.720632102800592,1.0,1.0,0.8124292296565081,76.61862980041296
36.75,99.5,3.834671653333333,0.240123975018012,16.730289833333334,0.0318549794333333,1415.85755,272.32908828826527,1.4158575476666668,0.0807543709666666,0.0155362756845187,707.928773,136.16454352752552,0.4852194941404463,0.0,0.5147805058595537,0.012072385657609,0.062619174919261,0.1923421521383032,0.1923892849209582,109.86763529793356,785,1570.0,0.8600731003667174,0.8600574142957569,0.9950383823254072,0.6231893586348892,0.6984296911410699,0.8421143814598587,105.2640274625602,3578.0,7.514405250549316,黑马河乡,24.89118174979416,0.5,0.3,0.1595473169430961,0.6231893586348892,0.5,0.7,0.7353759709216255,37.83858286761991
36.5,99.5,3.7486288233333336,0.2334433313277974,17.395096533333334,0.0314711140733333,1405.3490666666669,263.0200739677859,1.4053490766666668,0.0801551306,0.0150050846765145,702.6745366666668,131.51004236965267,0.5002401418935216,0.0,0.4997598581064783,0.0130728139997171,0.0622743254479424,0.1871564013570241,0.1872005517824531,100.35311299998644,791,1582.0,0.8534539843904492,0.8534397086625282,0.9947575360419396,0.6590024693299943,0.671599139911724,0.8414238054507969,93.74479499331882,3046.669677734375,1.2759363651275637,切吉乡,23.711543176905185,0.0,0.0,0.1510883983326225,0.6590024693299943,1.0,1.0,0.7793614316407402,20.075991450812555
37.5,99.0,4.123842416666666,0.2181102193302212,16.179780816666668,0.048148108,1378.4688333333334,246.5092310640864,1.3784688266666667,0.0786219426666666,0.0140595568565408,689.2344099999999,123.25461485985234,0.3826073350467017,0.0,0.6173926649532983,0.0079615802080993,0.0528900470223402,0.1788282949190748,0.1788248468515856,194.82521907564043,807,1614.0,0.8365225798995547,0.8365079614245057,0.9940086126193596,0.3034050061534026,0.8817201082107886,0.8004432811536967,192.6634454813264,3764.217529296875,14.464654922485352,黑马河乡,110.03834412263431,0.5,0.7,0.7701181587058527,0.3034050061534026,0.5,0.3,0.7410933858009536,132.24034344897365
35.0,98.5,4.290051246666667,0.1774735086510555,16.541480516666667,0.0502625939166666,1364.42272,230.97834514082504,1.36442273,0.0778213285666666,0.0131777499079322,682.2113606666667,115.48917308509866,0.3280424765659439,1.5220700152203337e-05,0.6719423027339039,0.0064949139572988,0.0413686220622541,0.1692864987918297,0.1693333967775093,237.74249279043892,815,1630.0,0.8276751705998484,0.8276663867671027,0.9936341509080696,0.141862363638199,0.9791862930822262,0.7814423501143449,228.01797572657387,4326.90087890625,6.206640243530273,温泉乡,108.5268749681436,1.0,0.3,0.7592797588315872,0.141862363638199,0.0,0.7,0.7138000666495412,195.943734816852
37.25,100.0,3.99179479,0.2104681706188477,17.246199266666668,0.04558783105,1364.4206733333333,252.6947796057896,1.364420665,0.0778219609333333,0.0144244221690563,682.2103406666666,126.34738776456152,0.4242189618318071,3.80517503805e-06,0.5757772329931548,0.0127646572015536,0.0527251979851518,0.1852029836138779,0.185351563955232,118.4287409264296,815,1630.0,0.8276738814391197,0.8276733703027342,0.9936341509080696,0.5909649532528166,0.8073915637599935,0.831629275583222,119.78592696524818,3217.123046875,1.9917339086532595,黑马河乡,61.1836541381842,0.0,0.0,0.419792342124336,0.5909649532528166,1.0,1.0,0.8005468957806603,91.51580496801606
34.75,98.75,4.229618016666667,0.2486540926042818,16.75153025,0.0479414251,1356.8225456666669,281.6374342188264,1.35682254,0.0773877644666666,0.0160696449439826,678.4112690000001,140.81872077600525,0.3478746226014921,1.5220700152206669e-05,0.6521101566983557,0.0071679828829502,0.0587887822551513,0.2075713107202574,0.2076509775767502,239.5092976824212,819,1638.0,0.8228879492895556,0.8228783255039801,0.9934469200524246,0.1352120266909761,0.9437612289343964,0.7744617067978549,230.0265375343808,4374.17919921875,13.958864212036133,温泉乡,98.0626407939542,1.0,0.7,0.6842431270744329,0.1352120266909761,0.0,0.3,0.6800177588542111,209.17008085629908
35.0,98.75,4.309460426666666,0.1516278638240593,16.33142893333333,0.0478172510666666,1348.3783166666665,203.59402107812176,1.3483783333333332,0.0769071052666666,0.0116222246331009,674.18916,101.79700896901431,0.3163902612470993,1.1415525114153334e-05,0.6835983232277865,0.0056889134249901,0.0351848836772686,0.150991764374725,0.1511202975694147,220.2079761922537,825,1650.0,0.8175690722158416,0.8175701699249468,0.9931660737689572,0.207863111153548,1.0,0.7882557407650133,210.5580068391247,4657.02392578125,11.447032928466797,温泉乡,86.50140203936377,1.0,0.7,0.6013401261816855,0.207863111153548,0.0,0.3,0.6855054518572136,184.2273442494454
34.5,98.5,4.07156224,0.2630262512257031,16.403564266666667,0.0423895206333333,1344.1949116666665,288.8759853059362,1.34419491,0.0766667309333333,0.0164771609880493,672.0974533333333,144.43798970270777,0.3896534067752908,3.80517503805e-06,0.610342788049671,0.0088599757965915,0.0646008179960189,0.2149063225866247,0.214919310990021,275.4312775923581,827,1654.0,0.8149340161385421,0.8149155981232639,0.9930724583411348,0.0,0.8691341004974494,0.7426448491012441,265.96913781644497,4240.1552734375,15.242709159851074,温泉乡,132.73017613483998,1.0,1.0,0.9328361000526668,0.0,0.0,0.0,0.6604730700055376,244.1139999319113
37.5,99.25,4.052019223333334,0.2130564941340915,15.9544452,0.0371427096333333,1337.120731,237.32081079567683,1.3371207323333332,0.0762642238333333,0.0135401816535578,668.560364,118.66039820479352,0.397173087639627,0.0,0.6028269123603729,0.0076423405777211,0.0525803265954952,0.177486449273874,0.1775430335873921,179.3216416636917,831,1662.0,0.8104781093454837,0.8104705145620514,0.9928852274854896,0.3617612027796956,0.8557021110136672,0.7932932341057488,177.9898940041258,3957.3154296875,5.820829391479492,黑马河乡,97.67817146653393,0.5,0.3,0.6814861853944852,0.3617612027796956,0.5,0.7,0.7479605761655094,123.06986474944304
37.25,99.25,3.96785736,0.214783762211705,15.999569383333332,0.0366652573333333,1321.1934066666663,244.29554971327303,1.321193412,0.0753552669,0.0139362358357916,660.5967073333334,122.14778155784522,0.4203089573404529,0.0,0.5796910426595471,0.0085432521562657,0.0541309182071265,0.1849052140894524,0.1849404349437935,159.79919995633867,841,1682.0,0.800445757044028,0.8004324567931081,0.9924171503463772,0.4352445941691955,0.8143757882446382,0.7950487740082673,157.37341719346117,3342.16455078125,3.2066352367401123,黑马河乡,74.5329623066799,0.0,0.0,0.5155171801371261,0.4352445941691955,1.0,1.0,0.7787216951553733,97.39285794099776
36.75,98.75,4.127838956666666,0.2139713729134226,15.06302265,0.0365381230833333,1309.6866976666668,216.528267788545,1.309686693333333,0.0746977254,0.0123438111944069,654.84335,108.26413175443255,0.348506791093811,0.0,0.6514932089061889,0.0041554382813084,0.051836172670411,0.1653282942968811,0.1652501616121093,172.17694038893205,849,1698.0,0.7931978755981325,0.7931709031150118,0.992042688635087,0.3886541953676298,0.942632021366416,0.797165546903,166.00685869458417,3449.4267578125,4.58390474319458,黑马河乡,91.64200567821624,0.0,0.0,0.6382022200374875,0.3886541953676298,1.0,1.0,0.7945421332698464,92.3324447136831
37.0,99.75,3.7391079133333336,0.2399972641976695,16.518156333333334,0.0314334909233333,1305.3723563333333,275.69595790872523,1.3053723313333334,0.0744532156999999,0.015731089269712,652.6861736666667,137.8479718131911,0.4873444660694829,0.0,0.5126555339305171,0.012079892041154,0.0641857014454865,0.2112010083338434,0.211288244863708,108.47597331995308,852,1704.0,0.7904803449383123,0.7904706624285062,0.9919022654933533,0.6284276399596739,0.6946339714663798,0.8069413454811223,106.93169317626992,3201.983642578125,8.722908973693848,黑马河乡,30.228047408431795,0.0,0.3,0.1978167608888702,0.6284276399596739,1.0,0.7,0.7432437226944858,60.28856487870153
35.0,101.25,4.136607416666667,0.2092787410732477,15.953267433333334,0.0501513104333333,1276.8182283333333,222.8374723249064,1.276818233,0.0728237066999999,0.0127074821871629,638.4091163333334,111.418736534752,0.368323518892798,3.79477838494e-06,0.6316726863288171,0.0051707962172816,0.0505918788014665,0.1745256038643671,0.1744965034464928,155.9265021014604,871,1742.0,0.7724945824987711,0.7724751943516759,0.9910129189290396,0.4498216115561194,0.9072344979606852,0.7921933348817128,154.64154725885393,3692.25390625,1.527069091796875,河北乡,38.73569809155499,0.5,0.0,0.2588231795910271,0.4498216115561194,0.5,1.0,0.723783399964207,213.0872416114829
37.5,100.0,3.90197617,0.2438797331298573,15.617298433333334,0.0331162242333333,1272.1652913333337,267.0357171404884,1.2721652773333334,0.0725599996,0.0152426021658335,636.0826456666667,133.51785801986713,0.4358733604478046,0.0,0.5641266395521954,0.0061448898370636,0.062501594706012,0.20990646338151,0.2100689394964328,143.81870942761103,874,1748.0,0.7695637761534279,0.7695629473498602,0.9908724957873056,0.4953959142613124,0.7865739569394276,0.7854666290959664,145.93507882665628,3879.94287109375,14.898643493652344,黑马河乡,87.95056053579509,0.5,0.7,0.6117317105675436,0.4953959142613124,0.5,0.3,0.7172815251332648,118.48896105004371
36.5,99.25,3.6192760433333335,0.2417712069637194,16.625025,0.02733082135,1264.0127383333331,254.0570009161044,1.26401273,0.0720933961333333,0.014491012046545,632.006363,127.02850165597036,0.5069603929103143,0.0,0.4930396070896857,0.0094069853032911,0.0668009856305543,0.2009924371894319,0.2010033210218677,122.25594188147736,880,1760.0,0.7644286208605126,0.7644100161362622,0.9905916495038384,0.576559188342779,0.6595951276917316,0.7823018928819557,115.31105566231886,3135.814208984375,4.328653335571289,切吉乡,41.65303463775498,0.0,0.0,0.2797427332329785,0.576559188342779,1.0,1.0,0.7457945544281457,42.14261937575018
36.75,100.5,3.7341745366666665,0.2161603233886198,17.894584549999998,0.0308832528133333,1262.2185166666668,243.04500951057025,1.2622185166666666,0.0719908198666666,0.0138598709205701,631.10926,121.52250754447884,0.4776961120676031,1.5210303499093333e-05,0.5222886776288977,0.0131775810731008,0.0578870433789569,0.1925538298649082,0.1925227542378292,51.10108968152927,881,1762.0,0.7632984709690315,0.7632772160521626,0.990544841789927,0.8443894081406147,0.7118682918886332,0.8271264353585792,55.597463322278735,3194.0,0.0,江西沟乡,27.93228708763219,0.0,0.0,0.1813543883036475,0.8443894081406147,1.0,1.0,0.778252315251281,76.92699086735222
35.0,101.0,4.183660156666667,0.1909711413948746,15.628058533333332,0.0519319747666666,1261.1790653333337,209.00049568848945,1.2611790820000002,0.0719319487333333,0.01191877545972,630.5895336666667,104.5002504580632,0.3463172559489649,0.0,0.6536827440510351,0.0044712262228542,0.0456469058775153,0.1657183356696853,0.1656951559022179,148.79155217073654,882,1764.0,0.7626437381490065,0.7626270732173908,0.9904980340760158,0.4766778996251674,0.9465430667379592,0.7950990362247551,146.15527027937145,4006.990966796875,11.459364891052246,河北乡,24.365020179924844,1.0,0.7,0.1557743325750253,0.4766778996251674,0.0,0.3,0.6524321420372109,199.19099309924164
37.25,99.0,4.05872265,0.2077448869867939,15.3152541,0.0560155493833333,1249.8759706666667,228.6752880748961,1.2498759516666669,0.0712868481333333,0.0130401718580104,624.9379846666667,114.33764423772062,0.3784932338581563,0.0,0.6215067661418436,0.0052884239505617,0.0511847950455037,0.1829583842250554,0.1829253529854542,177.07514469591993,889,1778.0,0.7555241099290056,0.7555029105072467,0.990170380078637,0.3702171233255319,0.8890688993226352,0.7697398685309036,173.8481991964848,3475.12548828125,2.054884195327759,黑马河乡,90.17263345951903,0.0,0.0,0.627665687668924,0.3702171233255319,1.0,1.0,0.771275477133571,108.78624764795524
37.0,99.5,3.72252829,0.2335940083115255,15.729406033333332,0.0357239491666666,1244.2856066666668,260.3801866657543,1.2442856023333335,0.0709687518333333,0.0148554944695166,622.1428013333333,130.19008617834857,0.4850179654165731,0.0,0.514982034583427,0.0088364065839924,0.0627514393749645,0.2092607880945358,0.2093244433043443,124.96585376407418,893,1786.0,0.7520028341661961,0.7519900168613646,0.989983149222992,0.5663589521999344,0.6987896707397498,0.778327450831845,122.14082555938631,3301.748291015625,8.582667350769043,黑马河乡,38.982506073107565,0.0,0.3,0.2605929832210115,0.5663589521999344,1.0,0.7,0.7266647397830216,63.29301218443682
36.75,100.25,3.6838714933333336,0.2217799707085223,17.20667675,0.0275465822433333,1238.5517176666665,251.42094559372555,1.2385517183333334,0.0706409143999999,0.0143384555280371,619.2758576666668,125.71047115398795,0.4919380920893946,3.80517503805e-06,0.5080581027355674,0.0123108328966738,0.0602029606922704,0.2029959201601873,0.2029766410843226,58.9839100991472,898,1796.0,0.7483911544325791,0.7483695470965819,0.9897491106534356,0.8147181002845496,0.68642863170462,0.8124791116255934,59.92013000194267,3194.0,0.0,江西沟乡,20.590847824366524,0.0,0.0,0.1287106051662301,0.8147181002845496,1.0,1.0,0.7606309997575551,57.46529435597289
35.0,101.5,4.038100873333333,0.2262496562302527,16.120791816666667,0.0427521058233333,1212.4664376666667,235.883992512462,1.2124664423333331,0.0691529845666666,0.0134510533563041,606.2332256666667,117.94199754144358,0.3832819842636258,0.0,0.6167180157363742,0.0054179974382646,0.0560287281886275,0.1945488841459474,0.1945115375799387,165.85434121342595,917,1834.0,0.7319604776054348,0.7319376072813905,0.988859764089122,0.4124527568783885,0.8805150196770524,0.7631100212596525,165.7941138944786,3682.68017578125,2.1122913360595703,河北乡,58.71046559220948,0.5,0.0,0.4020576722859966,0.4124527568783885,0.5,1.0,0.7148175875639661,228.3714806857396
36.5,99.0,3.803025193333333,0.227395063219258,15.8061585,0.0287300102566666,1208.912823333333,237.93811703062863,1.2089128263333333,0.0689503969,0.0135695010083191,604.45641,118.96905633635023,0.4400091490547363,0.0,0.5599908509452637,0.0060910039839974,0.0597932045304037,0.1968199132626968,0.1968009122267893,144.30354249993346,920,1840.0,0.72972211602069,0.7297003321953012,0.988719340947388,0.493570979709267,0.779186426793179,0.7639908261178223,137.13873151074793,3822.192626953125,8.865622520446777,切吉乡,62.51826573043168,0.5,0.3,0.4293625368389493,0.493570979709267,0.5,0.7,0.702918448085141,64.40640286852482
37.0,100.5,3.6208833166666654,0.1952135282461183,17.33963173333333,0.0274263829133333,1202.881761,215.9114536156668,1.2028817616666667,0.0686075087333333,0.0123189254880168,601.4408816666668,107.9557265918539,0.5104821447879498,7.589556769883333e-06,0.4895102656552802,0.0113990152290174,0.0539132336431733,0.1794951595543119,0.1795565196208857,78.66169598315354,924,1848.0,0.7259232518289559,0.7259136497914767,0.9885321100917432,0.7406499860871032,0.653304417349323,0.7865206726779156,83.39619498341881,3208.962158203125,10.690187454223633,江西沟乡,51.79767474841702,0.0,0.7,0.3524876290009071,0.7406499860871032,1.0,0.3,0.7257962413951978,92.07278057313688
36.75,99.75,3.60857593,0.2371267330414123,15.9729107,0.0298613907666666,1184.572178,262.1619331802399,1.184572172,0.0675629915,0.0149573715548565,592.2860903333333,131.0809719419979,0.5157047059410634,0.0,0.4842952940589365,0.0089393750363882,0.0657119976526064,0.2213136000060942,0.2213840924266436,90.60301076092424,938,1876.0,0.7143903550721343,0.7143785330611313,0.9878768020969856,0.695702314034911,0.6439756455899082,0.7729149253223404,87.0927908013624,3253.25244140625,7.653694629669189,黑马河乡,3.4184529107958674,0.0,0.3,0.0055712858363617,0.695702314034911,1.0,0.7,0.6994936177801213,32.546131540530126
37.25,100.25,3.7397196033333335,0.1954170892855242,16.7107089,0.0299117077166666,1150.089148,209.58663949564303,1.150089146,0.0655970640666666,0.0119636754019065,575.0445766666667,104.79332021536136,0.4568015424474553,3.80517503805e-06,0.5431946523775066,0.0088518144239006,0.0522544762744625,0.1822351248684619,0.1823812631270785,110.32526802924076,967,1934.0,0.6926700775075184,0.6926678310227159,0.9865193783935592,0.6214668074493668,0.7491911044480137,0.7611035656173949,113.40371115497274,3206.564208984375,2.697861433029175,黑马河乡,71.49531083930246,0.0,0.0,0.4937348756922968,0.6214668074493668,1.0,1.0,0.7551590533376926,99.92036376519752
34.75,101.75,3.9892264366666654,0.211948423228454,15.78466735,0.0504804583833333,1138.9151503333333,217.210579665508,1.1389151536666666,0.0649579281333333,0.0123871211937523,569.457581,108.60529362492872,0.3852593133218553,0.0,0.6147406866781446,0.0043228347930233,0.0531302062175128,0.1907170868716038,0.1906945241283922,201.3557484426762,976,1952.0,0.6856317653050706,0.685609539055593,0.986098108968358,0.2788237855944104,0.8769830262859393,0.7188578351124847,201.5494110131729,3716.276123046875,12.445276260375977,河北乡,77.16205420659632,0.5,0.7,0.5343697972962816,0.2788237855944104,0.5,0.3,0.6563489134436933,264.21899629644435
34.5,98.75,3.802952243333333,0.2742769998692924,15.9257299,0.0341346480666666,1121.8049930000002,273.1406846667914,1.1218049933333334,0.0639832588,0.0155843530876642,560.9025023333332,136.5703484959187,0.4325136196155733,0.0,0.5674863803844267,0.0060615814556977,0.0721221257379991,0.2434832135452898,0.2435692301384343,260.3517763457933,991,1982.0,0.6748543664960263,0.6748457869845919,0.9853959932596892,0.0567599539376476,0.7925752759236939,0.671545986343665,251.0676562801992,4172.3125,1.5672640800476074,温泉乡,115.30621007112444,1.0,0.0,0.8078928214994175,0.0567599539376476,0.0,1.0,0.6450593965522549,234.75513794519787
37.0,99.25,3.68105271,0.2145011789389084,14.900622033333333,0.0350398790666666,1116.8694826666665,222.3309800847496,1.1168694893333333,0.0637008052,0.0126807790257857,558.4347376666667,111.16549033501153,0.4794622123246084,0.0,0.5205377876753915,0.0049688828172434,0.058271694495488,0.1990662145713806,0.1990677980595728,143.04080783583944,995,1990.0,0.6717455719857109,0.6717265131775827,0.9852087624040442,0.4983239725435476,0.7087136048071763,0.7277911211944907,139.2758485506455,3901.631591796875,19.841466903686523,黑马河乡,55.81048832184124,0.5,1.0,0.3812625980437294,0.4983239725435476,0.5,0.0,0.6346437470754903,73.28071114961374
36.5,99.75,3.50232855,0.2229759846475242,16.736464533333333,0.0329377111266666,1107.6398103333331,240.2615223768066,1.1076398070000002,0.0631753468,0.0137085668939617,553.8199043333334,120.13076361825522,0.5292129005830443,0.0,0.4707870994169557,0.0092930067952524,0.0636650678153893,0.2169130435141205,0.2169923488882497,78.71620519071315,1004,2008.0,0.6659319574364542,0.665923618033768,0.9847874929788428,0.7404448108588465,0.6198467055924012,0.7522125762704677,72.67326170454484,3347.3876953125,6.022895336151123,切吉乡,19.75670455646915,0.0,0.3,0.122729154428028,0.7404448108588465,1.0,0.7,0.6965752649935854,5.415640735747154
36.75,100.0,3.53599989,0.2188568637409271,16.124223983333334,0.0334576391666666,1093.8983386666666,248.40501417577548,1.0938983496666663,0.0623907721333333,0.0141692412489125,546.949171,124.20250624655094,0.5234764432633846,0.0,0.4765235567366153,0.0086194076402923,0.061893911354428,0.2270823580174296,0.2271047586753994,73.10928287405532,1016,2032.0,0.657276436771759,0.6572591747150196,0.984225800411908,0.7615495309170094,0.6300934216142567,0.7519329878764855,71.33337767447462,3194.0,0.0,黑马河乡,19.90774740176447,0.0,0.0,0.1238122481521663,0.7615495309170094,1.0,1.0,0.7123580102967746,41.021368242453605
36.5,98.75,3.950017406666667,0.1984333308702325,14.6338411,0.0495307491,1092.7650566666666,199.4842991598914,1.0927650446666666,0.0623256297333333,0.0113739684044249,546.3825283333333,99.74214859136865,0.3748896707172026,0.0,0.6251103292827973,0.0029804293401867,0.0502360649184293,0.1825500348340123,0.1824926351019573,166.4382739636532,1017,2034.0,0.6565626016012712,0.6565397752028671,0.9841789926979966,0.4102548064645357,0.8955057445939549,0.7254102791245298,159.12016229383346,4056.90185546875,11.420867919921877,切吉乡,84.15995164636774,1.0,0.7,0.5845501205307946,0.4102548064645357,0.0,0.3,0.6405184449998431,86.71552661609317
35.0,101.75,3.909295733333333,0.2255495713074551,16.1383341,0.0526625527533333,1090.379161,237.2377586086178,1.0903791456666667,0.0621893379333333,0.0135285858389444,545.1895796666666,118.61887802349932,0.3987511124418826,0.0,0.6012488875581173,0.0052012792041985,0.0576957044677548,0.2175736359369195,0.2175386696260872,178.10859232423417,1020,2040.0,0.6550597662610993,0.6550346379277531,0.9840385695562628,0.3663271777085672,0.8528833727013045,0.7137719137793617,179.11554966527913,3614.26123046875,7.047801971435547,河北乡,80.2062059252997,0.5,0.3,0.5561987135577956,0.3663271777085672,0.5,0.7,0.6766895515751751,244.7837614410798
37.25,100.5,3.70682808,0.2021301757630044,16.661760716666667,0.03149031742,1081.7870346666666,205.6860886812861,1.0817870206666669,0.0617014539666666,0.0117416157301613,540.893518,102.84304553889136,0.4480106108241635,0.0,0.5519893891758365,0.0078824512812834,0.0545291476703727,0.1901354722232038,0.1902972292436512,106.34632836890688,1028,2056.0,0.6496477311577383,0.6496466957026117,0.9836641078449728,0.6364437240030678,0.7648938587599319,0.7426956299255404,111.19492664455818,3328.393798828125,4.315802574157715,江西沟乡,78.30274491432462,0.0,0.0,0.5425494296668699,0.6364437240030678,1.0,1.0,0.7472755051798503,112.17178291825977
37.5,98.75,3.807344393333333,0.2060855408480579,15.10978715,0.0607346869333333,1077.5745486666667,208.5294256528705,1.0775745520000002,0.0614594912,0.011888953895175,538.7872693333334,104.26471155409794,0.4342496943383985,0.0,0.5657503056616014,0.0042884322678842,0.0541284211664471,0.1935174006391425,0.1934437409591679,211.5316899091378,1032,2064.0,0.6469943574502347,0.6469745820516098,0.9834768769893278,0.2405210619522649,0.7894742217911118,0.6843880243646753,208.6786735881333,3797.434814453125,22.63380622863769,黑马河乡,125.13423660383314,0.5,1.0,0.8783673536590089,0.2405210619522649,0.5,0.0,0.6468680877771876,144.27417012661044
34.75,99.0,3.9556718433333335,0.2094008470389476,15.738462066666669,0.0409697849666666,1072.5666826666668,222.09586569324995,1.0725666733333334,0.0611758313666666,0.0126779435895432,536.2833406666666,111.04793005363916,0.3818518414551987,7.6103500761e-06,0.6181405481947252,0.0045976495246649,0.0529368601169128,0.2070695177115371,0.2072377817565904,224.35115853621264,1036,2072.0,0.643839987328862,0.6438419872175647,0.9832896461336827,0.1922679773919485,0.8830696045736277,0.6848899622417474,215.0700829867194,4640.41796875,3.032011270523072,温泉乡,79.65554692956935,1.0,0.0,0.5522500637475402,0.1922679773919485,0.0,1.0,0.6356626952671499,200.76254784053455
36.75,98.5,3.77914239,0.2010781190431415,14.888072816666666,0.0351032223833333,1062.124138,175.1481326853926,1.0621241393333334,0.0605780965666666,0.0099850629767196,531.0620703333333,87.57406641686957,0.4289985008026216,0.0,0.5710014991973783,0.003307466460397,0.0532073413204051,0.1649036364197502,0.1648295925860096,193.64600789774323,1047,2094.0,0.6372624050038487,0.6372409082963617,0.9827747612806592,0.3078436126461373,0.7988541379900005,0.6903825491765123,187.21102250216776,3904.5732421875,30.05916786193848,黑马河乡,113.912703700667,0.5,1.0,0.7979003057901289,0.3078436126461373,0.5,0.0,0.6454570874913667,113.49772675115646
35.25,99.0,3.9048064066666655,0.1467785721837558,15.031385233333332,0.0406708231133333,1061.6656953333334,155.83338967592425,1.0616657003333334,0.0605547259666666,0.0089030422851726,530.8328513333333,77.91669583809696,0.3992369896282988,7.610350076103333e-06,0.600755400021625,0.0030195311525313,0.0375892059419798,0.1467819770017123,0.1470247308207372,184.8665232298101,1047,2094.0,0.6369736397193752,0.6369828152841498,0.9827747612806592,0.3408900070328012,0.8520154771913628,0.7005173940668639,175.1749901629982,4298.2119140625,5.641038417816162,温泉乡,60.35597968878316,1.0,0.3,0.4138572778051813,0.3408900070328012,0.0,0.7,0.6218928647900025,149.15588358985335
34.75,101.5,3.89029128,0.2005141244516126,15.178054016666668,0.0429168688166666,1058.433493,193.1207161963438,1.058433505,0.0603680532666666,0.011014921245233,529.2167516666667,96.5603601628591,0.4043889575067994,0.0,0.5956110424932005,0.003383757100914,0.0515421879802307,0.182458999524823,0.1824627538770596,190.56793688398065,1050,2100.0,0.6349377301190586,0.634921296990194,0.9826343381389252,0.3194296171234256,0.8428128022888938,0.6953198857658909,189.7717513224778,3537.8330078125,4.385110378265381,河北乡,54.3946415952501,0.5,0.0,0.371109884746292,0.3194296171234256,0.5,1.0,0.6579112554718155,249.04247368019088
35.0,99.0,4.0210014633333335,0.1221657918649177,15.19348775,0.0535864977033333,1056.577198,153.44860332043524,1.0565771983333334,0.0602645959,0.0087665400060311,528.2885993333333,76.72430311652761,0.3473399851119927,0.0,0.6526600148880072,0.0033845576432034,0.0303819317100284,0.1452317952828234,0.1454674983729731,203.6710501075139,1052,2104.0,0.6337684812844345,0.6337787664861207,0.9825407227111028,0.2701088809235491,0.9447162222733624,0.6975094327261988,194.1598677410016,4554.9833984375,7.138592720031738,温泉乡,64.97059934584345,1.0,0.3,0.4469476607364273,0.2701088809235491,0.0,0.7,0.6233347397217514,174.65335908765792
37.0,99.0,3.810959493333333,0.1995346288187814,14.3983229,0.0451139238166666,1043.1541803333334,196.4984127363581,1.043154185,0.0594957898333333,0.0112023604328067,521.5770896666667,98.2492063790769,0.4244764869293276,0.0,0.5755235130706723,0.0029575255133866,0.0523581080218342,0.1883694821350074,0.1882882883677668,162.17160115110673,1066,2132.0,0.6253135494099809,0.6252884635605315,0.9818854147163452,0.4263147641744977,0.8069315609401784,0.7027634819343794,157.71017345757625,3916.482666015625,18.737592697143555,黑马河乡,75.49336659838112,0.5,1.0,0.5224040198212119,0.4263147641744977,0.5,0.0,0.6307195009722809,87.90263632266276
34.5,99.0,3.70649964,0.2933077926516674,16.291134583333335,0.03198381758,1041.476271666667,273.5394642349359,1.0414762776666666,0.0594017586666666,0.0156089168173757,520.7381363333333,136.76973124677892,0.4507188349926391,7.6103500761e-06,0.5492735546572848,0.0059475301710872,0.079133366016371,0.262645891871538,0.2627685975589596,246.43512014819413,1067,2134.0,0.6242566631106019,0.6242500312119053,0.981838607002434,0.1091429042637903,0.760056307910771,0.6499637233568158,237.3974225289108,4269.96923828125,0.6398751735687256,温泉乡,100.07160643809284,1.0,0.0,0.698648960577646,0.1091429042637903,0.0,1.0,0.6188555195913157,227.27272587987324
36.5,98.5,3.928010863333333,0.1628443939387759,15.130374333333332,0.0577230484333333,1033.343127,164.38579770265824,1.033343137,0.0589368445666666,0.0093730837686087,516.6715596666667,82.19289650859903,0.3900006237991865,0.0,0.6099993762008133,0.0031442078166196,0.0414572157778059,0.1590815223012155,0.1590360637310052,188.62934338925703,1076,2152.0,0.6191337327987013,0.6191157565039911,0.9814173375772328,0.3267265744740144,0.8685138859567398,0.690777980301493,181.1992799153836,3952.197509765625,12.39003562927246,切吉乡,106.10393831929578,0.5,0.7,0.7419054338629288,0.3267265744740144,0.5,0.3,0.6575157376264908,109.0420614067297
34.5,99.25,3.94066621,0.1914055698785883,15.846762316666666,0.0525637421666666,1022.4401116666668,195.8685789148909,1.0224401183333334,0.0583160774666666,0.0111785117093489,511.2200593333334,97.934289498454,0.3653992730660145,0.0,0.6346007269339854,0.004810562583693,0.0485718809151786,0.1915697327206852,0.1916883335601327,233.8890693144223,1087,2174.0,0.6122661077863035,0.6122603205836026,0.980902452724209,0.1563668313539851,0.9124579163346798,0.6660583259702296,225.18288008084264,4375.50732421875,2.099703788757324,温泉乡,88.16877603944167,1.0,0.0,0.613296484073016,0.1563668313539851,0.0,1.0,0.6275668875932393,221.85675233278252
35.5,99.25,3.91281888,0.1870950398787028,14.764747783333332,0.0594410322999999,1017.988053,204.59833281194847,1.0179880616666668,0.0580633054333333,0.0116821975716972,508.9940323333333,102.2991710077784,0.3808551039249445,0.0,0.6191448960750555,0.002756901298334,0.0478159213642679,0.2009830392498217,0.2011975977687042,149.87482751671723,1092,2184.0,0.6094618313067147,0.609468834892781,0.9806684141546528,0.4726004001287127,0.8848500216240324,0.7092744820909438,140.13903328156084,4331.96435546875,2.7948014736175537,子科滩镇,35.91610031984621,1.0,0.0,0.2386044883636403,0.4726004001287127,0.0,1.0,0.6305316796501583,114.60399657030854
35.5,99.0,3.914715943333333,0.1688771884715507,13.999511,0.0503589052,1000.317219,169.2919450611634,1.000317216,0.0570548605,0.0096666820610412,500.15861,84.6459757682384,0.3834331931864493,0.0,0.6165668068135506,0.0014641190707886,0.0431390657498775,0.1692382594697326,0.1694278449956294,168.5664457497312,1111,2222.0,0.5983312717451491,0.5983320822850687,0.9797790675903388,0.4022442674835659,0.8802449235522485,0.6924716973559031,158.80746022777143,4351.5888671875,5.067033290863037,子科滩镇,52.23594931787937,1.0,0.3,0.3556303957748377,0.4022442674835659,0.0,0.7,0.6126446455679627,124.64608267527323
36.5,100.0,3.408219533333333,0.2099095853802304,16.056601983333334,0.03475762862,972.7036716666668,224.6546269617357,0.972703686,0.0554791368,0.0128181614166968,486.351836,112.32731238703666,0.5441213892423752,0.0,0.4558786107576249,0.0068480570734668,0.0615892208020218,0.2309589585251632,0.2310447161949515,57.64566171328213,1143,2286.0,0.5809379651643858,0.5809305916880515,0.9782812207451788,0.8197553303292857,0.5932164979407768,0.7173227624166914,52.6935686542665,4033.043701171875,17.776060104370117,塘格木镇,21.374538292560143,1.0,1.0,0.134330270408287,0.8197553303292857,0.0,0.0,0.5785570576392746,25.590116809567743
35.25,98.75,3.800871736666666,0.1502984131723594,14.7348093,0.0486151832333333,967.5012936666666,159.6509526053247,0.9675013076666666,0.0551832307333333,0.009114712159629,483.7506483333333,79.82547756847558,0.4153157671482396,7.610350076103333e-06,0.5846766225016843,0.002433794112999,0.0395431426223737,0.1650136838580076,0.1651717748037408,202.8881336691699,1149,2298.0,0.5776610752229839,0.5776627556856476,0.9780003744617112,0.273055815324815,0.8232948473592905,0.6566188243541038,193.1382066772044,4085.35107421875,4.031481742858887,温泉乡,83.03104954580547,1.0,0.0,0.5764550215680144,0.273055815324815,0.0,1.0,0.6179777015385897,160.22718162720844
36.5,100.25,3.4758410733333336,0.2133745886094056,15.886402983333332,0.0402997297433333,959.9206343333334,222.5059953448753,0.9599206423333332,0.0547495465333333,0.0126922083784535,479.9603166666666,111.2529962121811,0.516076043200173,0.0,0.4839239567998269,0.0061443284177956,0.0613879012611987,0.2317962416751319,0.2318230776710844,38.09344583532929,1158,2316.0,0.5728861460812353,0.5728733680992485,0.97757910503651,0.8933507931012632,0.6433123464088284,0.7291691473094202,35.68936808811367,3690.720947265625,4.355527877807617,江西沟乡,8.09778405042449,0.5,0.0,0.039125700019882,0.8933507931012632,0.5,1.0,0.6612432397161987,47.74532400636718
36.75,100.75,3.5379607066666665,0.1948367673278752,16.593768083333334,0.02958168272,959.035564,207.0487822412506,0.9590355646666668,0.0546987323666666,0.0118078449697684,479.51778366666673,103.52439143085634,0.4858253487037453,0.0,0.5141746512962547,0.0078774608877909,0.0550703593063482,0.2158927051439883,0.2158705413978496,52.3605981875729,1159,2318.0,0.5723286552428661,0.5723122023038455,0.9775322973225988,0.8396485587174021,0.6973474866872176,0.7262261438406107,59.92013000194225,3291.861328125,19.89730834960937,倒淌河镇,36.74895686053956,0.0,1.0,0.2445767122751321,0.8396485587174021,1.0,0.0,0.6594583306631367,97.61782906828329
37.25,100.75,3.6790993633333335,0.1958684879380541,16.1338272,0.0325012053266666,951.0739803333332,202.6859538020989,0.9510739756666666,0.0542463378666666,0.011571130334879,475.536996,101.34298185968692,0.439833653550249,0.0,0.5601663464497509,0.0057988476349692,0.0532381620051146,0.2131127104655532,0.213307124313534,106.9532745441944,1169,2338.0,0.5673137883041454,0.5673161876866304,0.9770642201834864,0.634159149971828,0.7794999046938043,0.7009972920395958,113.40371115497253,3597.071044921875,15.225502967834473,江西沟乡,86.44843933023374,0.5,1.0,0.6009603426986616,0.634159149971828,0.5,0.0,0.6426063029544118,127.16294320714402
35.25,101.0,3.7458504566666666,0.150241408398522,15.3556914,0.0437646139233333,937.351911,147.5166396573013,0.9373519203333333,0.0534625396333333,0.008412257353517,468.6759553333333,73.75831993157296,0.4244363974349377,0.0,0.5755636025650622,0.0031518077700426,0.040108757713787,0.157375941656667,0.1573486297361024,122.03490536485327,1186,2372.0,0.558670488841166,0.5586603189024596,0.9762684890469948,0.5773911802168457,0.8070031705838281,0.6907093267855,120.00050390551765,3449.526123046875,3.888550281524658,尕巴松多镇,40.30682472455169,0.0,0.0,0.2700893696094823,0.5773911802168457,1.0,1.0,0.6809790043579611,177.17874947426623
36.5,100.5,3.47200867,0.2031893519616378,15.883756416666667,0.0342457831,920.967373,207.0003468358222,0.920967383,0.0525275799333333,0.0118055337017954,460.48368833333336,103.50017455716402,0.5032097379211684,0.0,0.4967902620788315,0.0060036720978782,0.0585221326540172,0.2247640393182769,0.2247492406232826,24.093949710644488,1207,2414.0,0.548350145381557,0.5483350998122473,0.9752855270548586,0.9460455568202162,0.666294714985447,0.7265297503622083,27.798731661139367,3647.35888671875,5.621615886688232,江西沟乡,20.566003963205286,0.5,0.3,0.1285324555156823,0.9460455568202162,0.5,0.7,0.6553679372862905,70.0257373323219
37.0,100.75,3.4506325866666665,0.18064835087064,16.270130966666667,0.0313271079833333,917.2796726666668,186.67336610585664,0.9172796616666666,0.0523182624,0.0106530223703543,458.6398346666667,93.3366831615766,0.5154312947575916,0.0,0.4845687052424083,0.0070417675142017,0.0523522416059796,0.2035075797146683,0.203619575300619,79.48301311524625,1212,2424.0,0.5460273252925126,0.5460235035037763,0.9750514884853024,0.7375585096633452,0.6444640248452778,0.6918559493438643,86.32870640326541,3471.4228515625,13.445446968078612,江西沟乡,63.47781342981182,0.0,0.7,0.4362432340952671,0.7375585096633452,1.0,0.3,0.6638677604820838,109.89591377162344
36.25,99.0,3.780349313333333,0.1849446503899958,14.519907833333331,0.0596696745333333,903.414342,189.9131245890307,0.9034143466666666,0.0515266766666666,0.0108331981246669,451.7071696666666,94.95656147138948,0.3889284481539702,0.0,0.6110715518460297,0.0024027289135081,0.0489226352013804,0.2102170795391586,0.2102444563764203,142.84038364294386,1230,2460.0,0.5372937879379013,0.5372816335329595,0.9742089496348998,0.4990783786588915,0.8704290539340958,0.6741013626889305,134.50747977084367,4255.91015625,6.2613525390625,切吉乡,60.60571111637997,1.0,0.3,0.4156480447986218,0.4990783786588915,0.0,0.7,0.6076332937401302,68.38910874654975
37.5,98.5,3.67582657,0.1934270859094634,14.103567033333333,0.0467372140733333,898.489367,178.53320453065774,0.898489369,0.0512447856,0.0101758359245129,449.2446843333333,89.26659518123681,0.4474487860867829,0.0,0.552551213913217,0.0022695165972169,0.0526213852111808,0.1987037477435809,0.1985730997870145,229.1780401837528,1237,2474.0,0.5341916294559235,0.5341685720577898,0.973881295637521,0.1740993672040439,0.7658974151741429,0.6132661737557361,225.7501163744489,3738.441162109375,4.314938068389893,黑马河乡,142.0965184218352,0.5,0.0,1.0,0.1740993672040439,0.5,1.0,0.6539099610036873,158.52050931570824
36.25,99.75,3.2926378466666666,0.2002417230552902,15.963451133333333,0.0335301399833333,894.9927406666667,199.9616157558592,0.8949927333333334,0.0510472254333333,0.0114111752159204,447.4963696666667,99.98080740696707,0.5561603496602373,0.0,0.4438396503397626,0.0060992485299131,0.0608149855466208,0.2234226119051096,0.2235415366663414,75.6904418747353,1242,2484.0,0.5319891636488367,0.5319868181230132,0.9736472570679648,0.751833926694508,0.5717119696707904,0.6793522129575001,67.25424357220427,3150.038818359375,1.9471800327301023,切吉乡,11.980144908490743,0.0,0.0,0.066965222454659,0.751833926694508,1.0,1.0,0.651216637398464,23.344089489845643
35.25,101.25,3.61466562,0.1822082478648431,15.33282415,0.0460952916666666,888.444586,166.96417649227095,0.888444589,0.0506728265,0.0095221960868728,444.222293,83.4820874724291,0.4576015233176135,0.0,0.5423984766823864,0.0033268250284867,0.0504080507078392,0.1879286329426413,0.187915234743672,130.61369936641316,1251,2502.0,0.5278645917392326,0.5278521468491517,0.9732259876427636,0.5451001949642642,0.7477621429230434,0.6637775473392351,130.17246277746088,3749.856689453125,11.011486053466797,河北乡,59.49829381453882,0.5,0.7,0.4077070084173145,0.5451001949642642,0.5,0.3,0.607349776863635,192.6231483568709
36.25,100.0,3.2889278600000003,0.1866389888805762,16.126368083333332,0.0264687131166666,886.8168093333334,190.71557121858103,0.886816806,0.0505809172,0.0108835793843746,443.408403,95.3577779715519,0.5521306381049812,0.0,0.4478693618950187,0.0060802642413353,0.0567476687921565,0.2150563331810906,0.2151716494451904,53.353355850594674,1253,2506.0,0.5268392827390315,0.5268371473160938,0.973132372214941,0.8359117720489968,0.5789100202542381,0.6899800751714368,44.83622456272505,2922.303466796875,4.134056091308594,塘格木镇,9.097561306696418,0.0,0.0,0.0462948742345699,0.8359117720489968,1.0,1.0,0.6596422001886602,34.24158909432113
36.25,99.25,3.576671226666667,0.2095242299297279,14.72404145,0.0392484441333333,882.6836863333333,217.7859327249157,0.8826836893333333,0.0503445946666666,0.0124240888161701,441.34184066666666,108.89296488399054,0.4618634753100281,0.0,0.5381365246899718,0.0033229990601425,0.0585807910907699,0.2467315711130882,0.2467809880768834,120.44695743215468,1259,2518.0,0.5242358984433736,0.5242273215314943,0.9728515259314736,0.5833682911332885,0.7401492541083063,0.6668492844030032,112.0899084915673,4463.67529296875,12.82778549194336,切吉乡,38.63287554672947,1.0,0.7,0.2580858626212448,0.5833682911332885,0.0,0.3,0.5655744287556659,47.92957605922564
36.25,99.5,3.3232272666666662,0.2205657380213379,15.19488795,0.0300234731166666,852.4729113333334,217.998162084296,0.852472914,0.0486219882666666,0.0124394415607191,426.236457,108.99908150981491,0.5349048498307425,0.0,0.4650951501692575,0.0045399480999076,0.0663709461684137,0.2557244449484382,0.2558398371636961,98.0612799114232,1304,2608.0,0.5052066420687986,0.5052037331498753,0.9707451788054672,0.6676290371728306,0.6096794918746082,0.6564013387153669,89.67215065301109,3530.0693359375,6.396187782287598,切吉乡,17.77602339651542,0.5,0.3,0.1085261424967422,0.6676290371728306,0.5,0.7,0.5919488111431217,30.329303146270824
37.25,98.75,3.646529336666666,0.1901308465790653,14.361466233333337,0.0491900523866666,850.223973,178.15311449470337,0.8502239773333333,0.0484919145,0.0101562444653471,425.111985,89.07655635539223,0.4338869551114105,0.0,0.5661130448885895,0.0023644692300654,0.0521402212967978,0.2095366869815412,0.2094420187379308,195.36344902292217,1307,2614.0,0.5037900738372452,0.5037672646703014,0.9706047556637334,0.3013790832454727,0.7901221627835768,0.6187607427663457,191.4995000743456,4185.4970703125,30.1650447845459,黑马河乡,108.13435211238192,1.0,1.0,0.7564650671404644,0.3013790832454727,0.0,0.0,0.557959784702651,123.1787609721433
34.5,101.75,3.72466121,0.1724312837318808,14.321967333333331,0.0447362089666666,848.2111573333333,160.71838364036762,0.8482111546666666,0.0483776526,0.0091656383717025,424.1055803333333,80.35919043768345,0.4130327556952865,0.0,0.5869672443047134,0.0020759205196662,0.046294488011134,0.1894792142862698,0.189460171775729,225.63467489879767,1310,2620.0,0.5025222352811087,0.5025054143989327,0.9704643325219996,0.1874367612643501,0.8273728642832343,0.604726637212595,225.18288008084207,3812.919677734375,4.966057300567627,河北乡,83.7877884706139,0.5,0.0,0.5818814234519873,0.1874367612643501,0.5,1.0,0.6077810273349968,285.04277930677495
35.75,99.0,3.666567403333333,0.1829590195486702,13.7455678,0.0514797387,837.3737063333334,162.0806867283512,0.8373737126666666,0.0477607663666666,0.0092519033629639,418.6868556666667,81.04034354388997,0.4346987257861949,0.0,0.565301274213805,0.0011293572373181,0.0498992652862018,0.1935583664766179,0.1937134612107284,155.56009234836233,1327,2654.0,0.4956959081337286,0.4956928367948892,0.9696686013855084,0.4512007951490046,0.7886721417835287,0.636811823596177,145.94057348709126,4323.90283203125,31.13084602355957,子科滩镇,43.09829732963058,1.0,1.0,0.2901063816947183,0.4512007951490046,0.0,0.0,0.528993367940119,101.839583632947
35.75,99.25,3.6216730566666655,0.200451148475169,14.33602425,0.0539238912766666,830.3130806666667,198.721147993234,0.8303130836666667,0.0473584645666666,0.0113426312068098,415.1565393333333,99.36057420495862,0.4487410380850196,0.0,0.5512589619149804,0.0021025671415857,0.0553476653852518,0.2393327921965035,0.2395058900366743,135.14970905253156,1339,2678.0,0.4912485394059848,0.4912500204623918,0.9691069088185732,0.5280264405585304,0.7635891369953397,0.6434641729022307,125.44043261128266,4608.3837890625,2.221585988998413,子科滩镇,20.575018195559984,1.0,0.0,0.1285970945157767,0.5280264405585304,0.0,1.0,0.5693437353447606,89.31003355088141
35.25,99.25,3.676624833333333,0.1500016174843879,14.05608755,0.0452185996333333,828.436522,143.5089615738418,0.8284365146666667,0.0472523013,0.0081977510211217,414.218261,71.75448097013367,0.4283135069158536,0.0,0.5716864930841463,0.0015972066272425,0.040798728258709,0.1732286756592821,0.1734889263715447,167.94296429690164,1342,2684.0,0.4900665268303414,0.4900776073758542,0.9689664856768396,0.4045910810793833,0.800077704634585,0.6279735335688492,158.39183896697972,4463.18798828125,8.145567893981934,温泉乡,37.71813595982909,1.0,0.3,0.2515264740990309,0.4045910810793833,0.0,0.7,0.5525433028499045,140.84525780558616
36.25,100.25,3.18149368,0.1851094853637266,16.027654783333336,0.0235295426266666,800.9539593333334,178.81013320780693,0.8009539556666667,0.0456833586666666,0.0102019033480567,400.4769796666667,89.4050662660922,0.5706713430812352,0.0,0.4293286569187647,0.0053616787683708,0.0581832007171319,0.223246456458793,0.2233177166875145,31.123087830036614,1388,2776.0,0.4727557252764481,0.4727510034279599,0.966813330836922,0.9195875493997816,0.545791785749889,0.6705975619627129,22.418130935567284,2874.674560546875,3.744154214859009,塘格木镇,18.272512587302195,0.0,0.0,0.1120863530157657,0.9195875493997816,1.0,1.0,0.6534754276366783,52.93847523252607
35.25,98.5,3.606261693333333,0.1533592817097854,14.080012116666667,0.0462935222999999,788.73979,155.2691700697506,0.7887397886666666,0.0449870028,0.0088616641090872,394.3698953333333,77.63458494268926,0.4447633513819231,3.80517503805e-06,0.5552328434430388,0.0016693386065157,0.0425258327739473,0.1968572804850515,0.1969827629656454,221.7401269336849,1409,2818.0,0.4650622265281878,0.4650608036385066,0.9658303688447856,0.2020960234967875,0.7706942584665404,0.5813722502685261,211.9816047189412,4126.13232421875,9.9566068649292,子科滩镇,105.37481111662346,1.0,0.3,0.736677029327985,0.2020960234967875,0.0,0.7,0.5599528630719384,173.53149753689308
36.25,98.5,3.7037706133333335,0.1173641440696425,14.265053033333334,0.0548259287666666,786.7500156666666,105.78897815217286,0.7867500216666666,0.0448730632,0.006034828107089,393.3750073333333,52.89448964640666,0.4159744367093345,0.0,0.5840255632906655,0.001322974108175,0.0316877464406514,0.1344632679321025,0.1344866536120271,187.63894775401067,1413,2826.0,0.4638089013183397,0.463802512684307,0.9656431379891406,0.3304544703584647,0.8221183023997997,0.6050939582233981,179.341913361042,4592.7783203125,32.181880950927734,子科滩镇,103.13071672538425,1.0,1.0,0.7205851413158595,0.3304544703584647,0.0,0.0,0.5459581341388173,111.55266279546392
34.5,101.5,3.60308754,0.1643434745672392,14.100714633333332,0.0446545395266666,773.36413,144.34135801397795,0.773364123,0.0441089731666666,0.0082332673537832,386.68206533333336,72.1706783937739,0.4411548186407831,0.0,0.5588451813592169,0.0017033876454491,0.0456118461577092,0.1866408751256383,0.1866574250702614,216.03256606003723,1437,2874.0,0.4553773582628653,0.4553642912306818,0.9645197528552706,0.2235795518302171,0.7771399806594536,0.5800669347792916,214.67273668133643,3838.23876953125,2.2029175758361816,河北乡,63.37299930453701,0.5,0.0,0.4354916359572405,0.2235795518302171,0.5,1.0,0.574665647604603,270.9907579340997
37.0,98.75,3.4943490833333333,0.1826369046622004,13.696121833333333,0.04423524795,765.9463806666666,151.385295214991,0.765946385,0.0436852060333333,0.0086299504578673,382.973192,75.69264773245035,0.4791634541008558,0.0,0.5208365458991442,0.0014596381132985,0.0522663592865711,0.1976447686628244,0.1975485808921769,182.02552439251383,1451,2902.0,0.4507050433756658,0.4506844226813769,0.963864444860513,0.3515836606560324,0.709247260076866,0.5899767838701949,177.0382857773015,4108.24169921875,27.00104522705078,黑马河乡,96.2960614494949,1.0,1.0,0.6715753903310266,0.3515836606560324,0.0,0.0,0.527557556759322,105.24458123998
34.75,101.25,3.49523524,0.1746000842711662,13.86760495,0.0413599297166666,745.6512896666667,148.1549248517584,0.7456513,0.0425286435333333,0.0084523827185156,372.825647,74.07746165178938,0.4741163988488825,0.0,0.5258836011511174,0.0016577671316049,0.0499537433912935,0.1986919715755994,0.1987456456703314,181.96621807386265,1491,2982.0,0.4379215087002287,0.4379119350500664,0.9619921363040628,0.3518068924367001,0.71826253536469,0.5840541610980716,180.07950398537048,3734.788330078125,13.798798561096191,河北乡,31.72362141586132,0.5,0.7,0.2085411802962516,0.3518068924367001,0.5,0.3,0.5221215389500254,235.06162723760764
36.0,99.0,3.6368671266666666,0.1641015024490255,13.710703983333334,0.05843614298,742.8800396666667,147.75202412288013,0.742880047,0.0423709056,0.0084311283209517,371.4400206666666,73.87601099530087,0.4175078182831382,0.0,0.5824921817168617,0.0010834768071462,0.0451216656351784,0.198890825212072,0.198983906564219,146.72599809856138,1496,2992.0,0.4361759451809863,0.4361699575931732,0.9617580977345066,0.4844527425775555,0.8193793078140533,0.6131321416745958,137.56017550409882,4487.2119140625,21.346717834472656,子科滩镇,50.317467068652654,1.0,1.0,0.3418733980173775,0.4844527425775555,0.0,0.0,0.5184493735908832,82.16716020930131
34.5,99.5,3.701934583333333,0.1343764966280013,13.903614816666668,0.0483544826553333,741.7263923333334,120.0562554982004,0.7417263826666667,0.0423055175666666,0.0068531486129409,370.86319533333335,60.028128860724,0.3813624086134191,0.0,0.6186375913865808,0.0013918831249843,0.0362989927571882,0.1618605684510237,0.1619918395311329,222.94521943466523,1499,2998.0,0.435449282231365,0.4354478454314988,0.9616176745927728,0.1975599984832394,0.8839438513538309,0.5761571573117715,214.6727366813369,4619.20458984375,21.75881576538086,温泉乡,81.07870236139202,1.0,1.0,0.5624551860998543,0.1975599984832394,0.0,0.0,0.506505518233345,218.6608567591716
37.5,100.25,3.256243723333333,0.2017920880888777,14.969088833333332,0.0293102107833333,732.2130956666666,185.86661846119293,0.7322130873333333,0.0417628656,0.0106090370977505,366.1065446666667,92.93330352658988,0.544336579168434,0.0,0.4556634208315658,0.0033461731999234,0.0619708182906863,0.2538422483306786,0.2540303914813395,137.24517057027796,1518,3036.0,0.4294570175100068,0.4294550732878788,0.9607283280284592,0.5201390245703859,0.5928321160931977,0.5922142672125703,140.76111125764717,3706.858154296875,4.682322502136231,黑马河乡,95.38821179195024,0.5,0.0,0.6650654079175917,0.5201390245703859,0.5,1.0,0.6104391391736603,125.07299485375005
36.5,100.75,3.3173159,0.1761506014860578,14.91092875,0.0370934662566666,729.5629466666667,166.92434805084903,0.729562959,0.0416106908333333,0.0095194165379252,364.7814726666667,83.4621754304874,0.5159289201620214,0.0,0.4840710798379785,0.0035966285733296,0.0531003397915941,0.228800474055758,0.2287733355846972,26.66929961325265,1523,3046.0,0.4277877334631121,0.4277745326123442,0.9604942894589028,0.9363518183168512,0.6435751441441214,0.658825086088068,35.68936808811296,3321.157958984375,2.666017770767212,倒淌河镇,14.60596452501847,0.0,0.0,0.085794374817485,0.9363518183168512,1.0,1.0,0.6451947918253664,92.34067463869329
37.0,101.0,3.2436253633333334,0.1757784609454938,15.211335683333337,0.03936534675,703.9430006666666,174.00227146669584,0.7039429970000001,0.0401508422333333,0.00993238796536,351.971499,87.00113024112055,0.5458078511365622,0.0,0.4541921488634379,0.0038329964817725,0.0541919738735961,0.2471823305323124,0.2473768273063566,86.26864839825339,1579,3158.0,0.4116501626547907,0.411652707646477,0.9578730574798728,0.7120170584042128,0.5902040644564046,0.6111168199019732,94.582254208915,3092.587158203125,3.404746055603028,倒淌河镇,62.84966885222941,0.0,0.0,0.4317389528861785,0.7120170584042128,1.0,1.0,0.6366047567383339,129.1105524071982
36.75,101.0,3.175505366666667,0.1784302659966831,15.296664716666667,0.0347191883999999,700.7262243333333,181.03718573195428,0.7007262293333334,0.0399664885666666,0.0103290681114904,350.36311166666667,90.51859420748082,0.5739335529106471,0.0,0.426066447089353,0.004403180128253,0.0561895652483124,0.2583565156337511,0.2584432228580921,62.209592504494125,1586,3172.0,0.4096239696310544,0.4096167995764097,0.957545403482494,0.8025764795670419,0.539964680994637,0.6185798417097417,71.33337767447391,3194.144287109375,4.571772575378418,倒淌河镇,35.59664228542975,0.0,0.0,0.2363137278080806,0.8025764795670419,1.0,1.0,0.6239065856023465,118.89773543032484
37.25,101.0,3.41580989,0.1842620738367714,14.783264616666669,0.0368014513666666,699.4393383333334,181.851973067144,0.6994393356666666,0.0398943721333333,0.0103821234932619,349.71966833333335,90.92598413060024,0.4827061240445475,0.0,0.5172938759554524,0.0024489212432733,0.05394389025461,0.2599967761328264,0.260240303032298,112.07162003318524,1589,3178.0,0.4088133818980734,0.4088203823894754,0.9574049803407602,0.6148934561374069,0.7029191849515157,0.6062852730482698,119.78592696524775,4211.7216796875,11.474806785583496,倒淌河镇,90.43549453272163,1.0,0.7,0.629550604350342,0.6148934561374069,0.0,0.3,0.5579268906218431,144.04086310685096
36.0,99.25,3.44739735,0.1893998396134662,13.676227233333332,0.0415226829,693.6731906666666,175.96895452573062,0.693673205,0.0395645989,0.0100409615845505,346.8365963333334,87.98447714756787,0.4713946694280177,0.0,0.5286053305719822,0.0013078365812477,0.0549399504566731,0.2536770296061357,0.253786512784553,124.95510820243848,1602,3204.0,0.4051813829757466,0.4051785346346961,0.956796480059914,0.5663993990007605,0.7231242098982653,0.5990615726745822,115.65913328104656,4562.65869140625,27.38471221923828,子科滩镇,33.1998510889391,1.0,1.0,0.2191268859029691,0.5663993990007605,0.0,0.0,0.4956611047842936,66.06061486522673
34.5,99.75,3.6611635466666654,0.1438120764646547,12.689049033333331,0.0474326662333333,689.2997166666667,95.93664275833486,0.6892997123333333,0.0393153580333333,0.005474604020026,344.64985666666666,47.96832025394262,0.3935068118871173,0.0,0.6064931881128827,0.0004449143731649,0.0392804294677274,0.1391798668107216,0.1392484844061292,213.8497668132061,1612,3224.0,0.4024266056489968,0.4024260453513955,0.9563284029208012,0.2317957111500416,0.8622509763499495,0.5612897458026797,206.12794306387863,4071.491455078125,17.27363395690918,温泉乡,80.08996568555172,1.0,1.0,0.555365181364217,0.2317957111500416,0.0,0.0,0.4952498935066314,217.78281872168589
36.25,98.75,3.5312736666666664,0.1446427511527038,13.63740205,0.0562701797,688.5752663333334,132.3437733881362,0.6885752706666667,0.0392730987999999,0.0075488819891383,344.28763133333337,66.17188416912572,0.4497195606790262,0.0,0.5502804393209738,0.0010074460829569,0.0409605045675315,0.1921994295451061,0.1922150841109159,165.23828930340036,1614,3228.0,0.4019702866328959,0.4019593558857941,0.9562347874929789,0.4147716053246671,0.7618412562768007,0.5784415204666524,156.92482716950477,4673.8837890625,14.39998722076416,切吉乡,82.81081996435188,1.0,0.7,0.5748758055708871,0.4147716053246671,0.0,0.3,0.5275894684285357,89.7737629256201
35.5,99.5,3.46977828,0.1743950313334789,13.607705733333336,0.0420787460999999,684.5512073333333,167.52072174992912,0.6845512153333334,0.0390449658333333,0.0095610135226621,342.27560266666666,83.76036198223206,0.4526202164999043,0.0,0.5473797835000956,0.0012280318719797,0.0502611456007727,0.2447161292761508,0.2448718629560115,132.379456709835,1624,3248.0,0.3994355999068051,0.3994399715074805,0.9557667103538664,0.5384538010392317,0.7566599754239269,0.5950944195602816,122.77108807795804,4464.0263671875,3.722679853439331,子科滩镇,29.53484577163778,1.0,0.0,0.1928459703763769,0.5384538010392317,0.0,1.0,0.5401639185788313,108.36759166074624
37.25,98.5,3.30697205,0.1839604253310529,13.822490933333334,0.0392062149866666,652.7366020000001,140.84127951385625,0.6527365936666667,0.0372280336,0.0080276959426262,326.3683,70.4206392569645,0.5279758236228593,0.0,0.4720241763771406,0.0013950125175703,0.0556280556804382,0.2157704640467767,0.2156357767611521,214.4051045354636,1703,3406.0,0.3793961179225157,0.3793746966285364,0.9520689009548774,0.2297053937701909,0.6220564276563574,0.5243724517723457,210.03079527810925,3809.777099609375,31.84903717041016,黑马河乡,127.43994963777249,0.5,1.0,0.8949010948755541,0.2297053937701909,0.5,0.0,0.5256004742030695,139.6460681205799
35.25,101.5,3.3159317466666667,0.1943270471648277,14.328144766666666,0.0432810189666666,649.8521006666667,167.54471054339126,0.649852102,0.0370643275333333,0.0095568945637127,324.92605166666664,83.77236100846076,0.5133543657625738,0.0,0.4866456342374263,0.0021670783741297,0.0586040552131914,0.2578197567900625,0.2578461609783128,142.2836652576254,1710,3420.0,0.3775792193032382,0.3775668101445194,0.9517412469574986,0.5011738929196246,0.6481739280875751,0.5667159163059513,143.20438432183673,4097.45947265625,27.557315826416016,过马营镇,67.1987795255256,1.0,1.0,0.4629254315745258,0.5011738929196246,0.0,0.0,0.4922902792872848,209.3564649075534
36.0,98.75,3.43544374,0.1267913221121133,13.055282666666669,0.0411040626,649.1684433333334,105.25635230991192,0.6491684356666667,0.0370260459333333,0.0060067744864139,324.584222,52.62817672679016,0.4743790598930392,0.0,0.5256209401069608,0.0005854771232044,0.0369068253500531,0.1621402786762775,0.1622310547885489,168.67388191060735,1712,3424.0,0.3771485951081171,0.3771440476370831,0.951647631529676,0.4018398727066526,0.7177933584878302,0.5585406126970517,159.6145455059467,3913.437255859375,18.16841125488281,子科滩镇,70.54097905735041,0.5,1.0,0.4868915805878051,0.4018398727066526,0.5,0.0,0.5175669933058953,100.71999904118428
35.0,100.75,3.423820673333333,0.1549168602463735,13.78891905,0.0352252514433333,647.641249,133.57463763411624,0.6476412493333333,0.0369388188666666,0.0076201200217182,323.8206236666667,66.78731658167642,0.4718040792308139,0.0,0.528195920769186,0.001380259666808,0.0452467798483005,0.2062478846743689,0.2062902998935529,144.8628053739142,1716,3432.0,0.3761866412190561,0.3761807563059912,0.951460400674031,0.4914658878731949,0.722392903840877,0.5719164173604897,140.81821391091782,3895.42138671875,26.518329620361328,河北乡,26.954111485940807,0.5,1.0,0.1743401146170942,0.4914658878731949,0.5,0.0,0.4989296316325916,186.9925345635289
35.5,98.75,3.513074143333333,0.153519761059244,12.424926383333334,0.0497194455666666,643.6909529999999,133.94598057624012,0.643690954,0.0367139685,0.0076466845651659,321.845476,66.97298988729663,0.4410404554565794,0.0,0.5589595445434206,0.0003841667290465,0.0436995505348426,0.208090512927001,0.2082772546140306,188.09792586982843,1727,3454.0,0.3736984165594947,0.3736976232914376,0.9509455158210072,0.3287268550821877,0.7773442612818988,0.5516288829719058,178.36839937328037,4634.080078125,8.840323448181152,子科滩镇,72.0290374454614,1.0,0.3,0.49756210720668,0.3287268550821877,0.0,0.7,0.5179508924776305,137.66346219013627
36.25,100.5,2.91886967,0.1705651066783755,15.583514633333332,0.02842775235,639.0158100000001,149.3778785454879,0.639015809,0.0364469104333333,0.0085211799358314,319.507903,74.688932290145,0.622054513810914,0.0,0.3779454861890859,0.0039582137718225,0.0584353280420278,0.2337624143375856,0.2337970443727432,9.759792673078408,1739,3478.0,0.370753623030206,0.3707483699191882,0.9503838232540722,1.0,0.4540088735045358,0.6183726040568711,0.0,2969.465576171875,2.1585564613342285,塘格木镇,39.86624393826087,0.0,0.0,0.2669300654817397,1.0,1.0,1.0,0.6303410871699944,73.72192901828824
35.75,98.75,3.4568856233333336,0.1464774343457997,12.5507421,0.0437296996,636.9896243333334,118.65401066247183,0.6369896226666667,0.0363316601333333,0.0067735568018101,318.494812,59.32700538485583,0.4586404192762266,0.0,0.5413595807237733,0.0003650784739376,0.0423726586026174,0.1862730665144724,0.1864367545262709,176.47452393115032,1745,3490.0,0.369477362937127,0.3694756042612537,0.9501029769706048,0.3724778882132357,0.7459064206068189,0.5527263992687073,166.95338065000757,4137.38232421875,6.712146759033203,子科滩镇,65.64574490453806,1.0,0.3,0.4517889752394229,0.3724778882132357,0.0,0.7,0.5146413578613007,117.36759197257857
37.5,100.5,3.1944185833333334,0.1857705239153887,14.748230049999998,0.0392514298966666,622.2842623333333,170.1390542622703,0.6222842633333333,0.0354930398999999,0.0097116862535698,311.1421296666667,85.06952522780176,0.551733569129426,0.0,0.4482664308705741,0.0025818944365429,0.058154721765217,0.2734105047495697,0.2736222730127394,134.07818164936435,1786,3572.0,0.3602147040487359,0.3602143092100848,0.9481838607002434,0.532059720244127,0.5796192825753679,0.5549241245258544,138.99365830569826,3632.55859375,8.380502700805664,江西沟乡,105.47594473202268,0.5,0.3,0.7374022353708407,0.532059720244127,0.5,0.7,0.5751429927754637,135.0299885328221
35.25,99.5,3.4350138733333333,0.1557262960834786,12.774515516666668,0.0428402518399999,620.6967753333333,118.2111310789932,0.6206967769999999,0.0354031496,0.0067480843818286,310.348388,59.10556490815655,0.4530708698255857,0.0,0.5469291301744142,0.0005551500860842,0.0453349831546275,0.1904490820264213,0.1906068939648411,152.48362921899272,1791,3582.0,0.3592147728283582,0.359221606485482,0.9479498221306872,0.4627807474735995,0.7558549983456984,0.5615988206338854,143.20438432183744,4017.337890625,22.68013000488281,温泉乡,15.284297353689247,1.0,1.0,0.0906585445050581,0.4627807474735995,0.0,0.0,0.4529820495733931,135.80313909176868
35.0,99.25,3.49116544,0.1190323949389427,13.25613145,0.0496073645666666,619.1428573333334,98.94326356231336,0.6191428543333333,0.0353144777333333,0.005650650974491,309.57142833333336,49.47163161640132,0.4390807799153296,0.0,0.5609192200846703,0.000844239422445,0.0340953177340523,0.1598068400376367,0.1600094730880703,188.3947182051079,1795,3590.0,0.3582359861535024,0.3582423595185039,0.947762591275042,0.3276097147335739,0.7808447211732928,0.5432858448958775,179.11554966527987,4145.8076171875,20.28149604797364,温泉乡,44.656038821820296,1.0,1.0,0.3012765899274994,0.3276097147335739,0.0,0.0,0.4572229647501832,167.5894207302237
37.0,98.5,3.10126037,0.1694086772532647,13.4258298,0.0294504526266666,595.8131846666668,117.11432483138464,0.5958131889999999,0.0339817942666666,0.006676159376519,297.906593,58.557161827457726,0.5768653675008941,0.0,0.4231346324991059,0.001086980479244,0.0546257511597662,0.196562157141429,0.1964628272459347,202.38976324807015,1865,3730.0,0.3435410197943503,0.3435248815659918,0.9444860513012544,0.274931705096166,0.5347277429576298,0.502601325137005,196.9971715341369,3218.215087890625,8.176563262939453,黑马河乡,117.62582738486178,0.0,0.3,0.8245262671286971,0.274931705096166,1.0,0.7,0.5665312469282612,124.17199781286932
34.75,99.25,3.4416610933333334,0.1154207941301738,13.4167224,0.0511770314766666,583.6087086666666,99.98413427068712,0.583608714,0.0332873003,0.0057085085299031,291.804354,49.99206737434336,0.4479721743976179,0.0,0.5520278256023821,0.0008746600294432,0.033536362529637,0.1713204974256029,0.1714920849229453,210.536589889324,1904,3808.0,0.3358536267128637,0.3358552436525467,0.9426605504587156,0.2442666653621158,0.7649625156200393,0.5167285257253686,201.5494110131735,4838.27978515625,29.65585327148437,温泉乡,64.11853787621276,1.0,1.0,0.4408377226686383,0.2442666653621158,0.0,0.0,0.4487223243174479,194.62928328282155
35.75,99.5,3.2225792133333333,0.1739141665676366,13.40988465,0.0442845869,575.8212246666667,162.85025256459517,0.5758212293333334,0.0328430754666666,0.0092932561749837,287.91061333333334,81.42512640822794,0.5279334468647853,0.0,0.4720665531352147,0.0011708814698371,0.053967382973263,0.2828139109649292,0.2829593770661268,115.51104386638414,1930,3860.0,0.3309484222105329,0.330949450676143,0.9414435498970232,0.6019473026040538,0.6221321229124563,0.5533406119544979,105.7516966486578,4031.6162109375,6.374252796173096,子科滩镇,2.641509193069945,1.0,0.3,0.0,0.6019473026040538,0.0,0.7,0.4733967338403599,81.1795009487145
36.5,101.0,3.12301126,0.1583161568116994,14.227248716666669,0.04030212996,575.730823,147.36299272132356,0.5757308210000001,0.0328370359333333,0.0084063155954557,287.865411,73.68149602148844,0.5710924075321672,0.0,0.4289075924678327,0.0022163896998277,0.0506934313172151,0.2559581436919586,0.2560010474916949,42.933776060351626,1930,3860.0,0.3308914797291934,0.3308827531437585,0.9414435498970232,0.875131561833395,0.5450396616399769,0.5865785824607724,52.69356865426553,3734.905517578125,17.96712875366211,倒淌河镇,11.388541297857078,0.5,1.0,0.0627229681684527,0.875131561833395,0.5,0.0,0.5051831463968232,114.66987612896015
34.5,101.25,3.26256885,0.146123834151672,13.298622583333334,0.0385300603733333,571.5312603333333,111.78312025928037,0.5715312556666666,0.0325975333666666,0.0063774082521745,285.76562866666666,55.891560688975936,0.5202093054203991,0.0,0.4797906945796009,0.0008365043125316,0.044787969501907,0.1955853126810338,0.1956408228941602,208.46061941258745,1945,3890.0,0.3282462462108512,0.3282378086894661,0.9407414341883542,0.2520807161525772,0.6359293290072392,0.5007118344718476,206.12794306387823,4041.6416015625,29.50547981262207,河北乡,45.36351523187107,1.0,1.0,0.3063497415766468,0.2520807161525772,0.0,0.0,0.4203025953186742,258.1609293557069
34.5,100.0,3.3919915066666664,0.1362758527096214,12.125116983333331,0.0435977933433333,564.3710580000001,96.45307247039824,0.5643710599999999,0.0321898147666666,0.0055053237032476,282.18552766666664,48.22653605741457,0.4668666358925734,0.0,0.5331333641074265,0.0003042060699819,0.0401757647216341,0.1709036477033487,0.1710268836013472,206.84674961287547,1969,3938.0,0.3237361558243971,0.3237351719745846,0.9396180490544842,0.2581553981990991,0.73121238543757,0.508616941679479,199.80086973115303,4080.856201171875,17.427038192749023,温泉乡,85.41471735086624,1.0,1.0,0.5935477586324145,0.2581553981990991,0.0,0.0,0.4575312589007326,219.25049274601963
35.5,101.25,3.2481940566666667,0.1313774425793541,13.82202165,0.0416035914833333,553.2537246666667,113.51431042704829,0.5532537256666666,0.0315549568666666,0.0064732161353313,276.6268613333333,56.75715335932492,0.5087692338082525,0.0,0.4912307661917475,0.0013912905157571,0.0404463034804562,0.2051758630191603,0.2051410230945173,106.5471620316839,2009,4018.0,0.3167335355274465,0.3167241244303406,0.937745740498034,0.635687776623777,0.6563640953703771,0.5537908966994148,107.33691601854534,3514.580322265625,3.8806910514831534,过马营镇,33.87677241802874,0.5,0.0,0.2239809340496313,0.635687776623777,0.5,1.0,0.5430151155505362,174.2024191997537
34.5,100.75,3.2674141933333334,0.1314904177322698,12.828843316666669,0.0423909304666666,551.759107,105.28924279877478,0.5517591063333334,0.0314700845999999,0.0060083097623712,275.879553,52.64461939230128,0.5090235151500029,0.0,0.490976484849997,0.0006007705999284,0.0402429597081864,0.1908246578316554,0.1909213095147258,200.2686132086782,2014,4028.0,0.3157921011299188,0.3157868383120013,0.9375117019284778,0.2829158138914192,0.6559098866918529,0.5003012842363935,195.90654957988664,4141.52392578125,27.14409446716309,河北乡,35.76614342888571,1.0,1.0,0.237529181769852,0.2829158138914192,0.0,0.0,0.4145465677616566,236.9447011186485
34.75,101.0,3.20965834,0.1603873214536257,13.15288465,0.0448273032333333,550.744288,125.03890472028743,0.5507442903333334,0.0314119727666666,0.0071339640803247,275.372143,62.51945223439117,0.5342928404488028,0.0,0.4657071595511972,0.0008934675749182,0.0499702162858947,0.2270362261483635,0.2271097117432578,175.8717029212102,2018,4036.0,0.3151528838001816,0.3151450807999928,0.9373244710728328,0.3747469349275387,0.6107726903401413,0.5091953083414062,172.82395252702912,3710.679931640625,12.01302719116211,河北乡,9.840125216528866,0.5,0.7,0.0516196303257213,0.3747469349275387,0.5,0.3,0.4490276823355924,222.50205933854988
35.5,101.0,3.1673059133333337,0.1160571180102451,13.681989816666666,0.0347254825233333,550.2956963333332,93.85879087443202,0.5502956956666666,0.0313864722666666,0.0053529433086503,275.14784733333335,46.92939634657283,0.5343145070738828,0.0,0.4656854929261172,0.0011518763879531,0.0366422193453692,0.1705606485746137,0.1705493775525481,95.87300078599672,2020,4040.0,0.3148703234940491,0.3148634662561681,0.9372308556450104,0.6758658230141541,0.6107339884476706,0.5541947765075912,94.78603425738412,3294.407470703125,2.254657030105591,茫曲镇,26.52780463215261,0.0,0.0,0.1712831655971499,0.6758658230141541,1.0,1.0,0.5680255443220603,157.01254416039097
35.25,100.75,3.09782452,0.145975046861506,14.2326399,0.0359481152666666,545.9963143333333,117.39316519808956,0.5459963103333333,0.0311413198333333,0.0066948140818137,272.99815533333333,58.69658241912397,0.5698736182848018,0.0,0.4301263817151982,0.0015170172418094,0.0471217933485483,0.215007248430656,0.2149817065443608,117.22795954068488,2036,4072.0,0.3121622154653662,0.312156127549842,0.9364819322224304,0.5954847510252782,0.5472167173753074,0.5342447575965084,113.46041091491044,3294.76123046875,5.222912311553955,尕巴松多镇,17.941241767940447,0.0,0.3,0.1097108856790684,0.5954847510252782,1.0,0.7,0.5281265406630261,163.3892978821419
34.5,101.0,3.1979237533333333,0.1377465470602682,13.005089883333332,0.0393264570133333,539.065613,101.67422866352013,0.539065616,0.0307459597,0.0058011387237377,269.53280533333333,50.83711595997186,0.5328638412722176,0.0,0.4671361587277823,0.0006463703204664,0.0430737433676112,0.1886119726644855,0.1886797088248887,203.14602580171052,2062,4124.0,0.3077966838784537,0.3077899714511333,0.9352649316607377,0.272085097174092,0.6133252324304922,0.4898585201881102,199.8008697311528,3848.14404296875,27.201881408691406,河北乡,33.845826445819114,0.5,1.0,0.2237590275553378,0.272085097174092,0.5,0.0,0.4340318605970916,246.74410486009504
36.0,99.5,3.12745854,0.1760366655285877,12.925270683333334,0.0379574906533333,538.2016433333333,157.28650548741828,0.5382016443333334,0.0306969908,0.0089734214012298,269.100823,78.64325318129173,0.5568692454525039,0.0,0.443130754547496,0.0010110849115452,0.0562874497861729,0.2922445656487961,0.2923225100367102,103.47318142272528,2065,4130.0,0.3072524839932519,0.3072491838416709,0.935124508519004,0.6472583846244535,0.5704457083761145,0.5415400376273403,94.01882535737622,4679.958984375,23.740623474121094,子科滩镇,26.21425065555927,1.0,1.0,0.1690347416909209,0.6472583846244535,0.0,0.0,0.4465695874438296,54.6097238888919
37.5,100.75,3.1541482933333334,0.1701362454195905,13.9354661,0.0441487276333333,526.625367,155.34423002295395,0.526625365,0.0300372984666666,0.0088680041157644,263.3126833333333,77.67211447542066,0.545396372399797,0.0,0.4546036276002029,0.0016656062080494,0.0539404712768875,0.2949805302921421,0.2952330791534261,134.5585111688409,2110,4220.0,0.2999607832603205,0.2999638774548815,0.9330181613929976,0.5302517372774096,0.590939066135963,0.5218672180225296,140.761111257647,3591.759765625,10.464853286743164,江西沟乡,111.63668592623868,0.5,0.7,0.7815795024929546,0.5302517372774096,0.5,0.3,0.5354162921260258,147.67920412792446
36.0,100.25,2.7841932266666665,0.1416866833073131,14.57453955,0.0244905929166666,523.9968003333333,121.8194908875022,0.5239968023333333,0.0298865976,0.0069490818161277,261.99839933333334,60.90974415484523,0.648715223195349,0.0,0.351284776804651,0.0021332060782992,0.0508896731556758,0.2324813640274299,0.2325149857850595,45.074489370842095,2121,4242.0,0.2983050935602827,0.2982996137808241,0.9325032765399738,0.8670738159629983,0.4063863248162921,0.552976974835322,35.73439211522064,3118.385986328125,3.7419159412384033,塘格木镇,38.80876507335101,0.0,0.0,0.2593471262186893,0.8670738159629983,1.0,1.0,0.5761863865636936,69.79153703484609
35.0,99.75,3.306932553333333,0.1615996143760907,11.888352416666669,0.0447006124,516.918537,99.19431992180054,0.5169185333333334,0.0294831142666666,0.0056560816217072,258.459269,49.597159678332766,0.4757075026407499,0.0,0.5242924973592501,0.0002052819156456,0.0488669217680902,0.1918954589972472,0.1918413899749384,163.01856515556767,2150,4300.0,0.2938466151645197,0.2938437491955201,0.9311458528365476,0.4231267517134756,0.7154204347775057,0.5147202538323687,154.64154725885447,4227.50830078125,6.544589042663574,温泉乡,25.358782199557243,1.0,0.3,0.1629003729024989,0.4231267517134756,0.0,0.7,0.4583989258936779,162.19160338866448
35.0,99.5,3.3336942533333334,0.1411136325175706,12.3317412,0.0567240621,507.229959,90.64571908462167,0.5072299623333333,0.0289309328999999,0.0051720059614356,253.6149793333333,45.32286042758668,0.4688713497350932,0.0,0.5311286502649067,0.0003536109655579,0.0423295064856269,0.1787073446200398,0.1787707980006294,174.71007730308116,2191,4382.0,0.2877439436949177,0.2877457392081735,0.9292267365661862,0.3791193485438588,0.7276314761228638,0.5058100649855218,165.79411389447924,4354.21044921875,15.12402057647705,温泉乡,28.309992075950323,1.0,1.0,0.1840628244538222,0.3791193485438588,0.0,0.0,0.4179724619746977,163.36151434302624
36.25,100.75,2.760705516666667,0.1476901945283462,14.564873283333334,0.0279231147933333,503.3512206666667,118.90227586058428,0.503351219,0.0287091029666666,0.006782327670694,251.67561,59.45113746212744,0.6503608262428159,0.0,0.349639173757184,0.0022013457427784,0.0534972649696699,0.2362212923673919,0.2362431065355412,15.046835940885154,2208,4416.0,0.2853007919997066,0.2852959623221393,0.9284310054296948,0.9800993197692514,0.40344687522703,0.5621167669098542,22.41813093556614,2696.00244140625,2.968522310256958,倒淌河镇,24.9343010826172,0.0,0.0,0.1598565158242371,0.9800993197692514,1.0,1.0,0.5762224417351991,95.23544921372702
35.25,99.75,3.1846351466666665,0.1677406305938112,11.759866783333331,0.0342034693,490.0447026666667,99.87963457883178,0.4900447013333334,0.0279507025333333,0.0056973898312308,245.022351,49.93981654887566,0.5050123824138534,0.0,0.4949876175861467,0.0001596717984546,0.052671851835016,0.203817394689339,0.2038370886898572,138.9781184806897,2268,4536.0,0.2769192412955324,0.276920573915261,0.9256225425950196,0.5136161268987061,0.663074750959636,0.5132154169512364,130.17246277746148,3806.4423828125,21.76559066772461,温泉乡,8.701018021161047,0.5,1.0,0.0434513529603726,0.5136161268987061,0.5,0.0,0.4416312316710322,134.3979335565188
36.0,100.0,2.7586562700000004,0.1446286385840697,13.922497366666668,0.0248699089,484.3399426666667,120.07670662279028,0.484339937,0.0276248763,0.0068512908280157,242.1699703333333,60.03835292047188,0.6558088908018731,0.0,0.3441911091981269,0.0015361366868777,0.0524272052871848,0.2479182409810658,0.2480116382644488,62.57509121847689,2295,4590.0,0.2733259094265082,0.2733223148197033,0.9243587343194158,0.8012007251683574,0.3937152992220845,0.5273035580692091,52.81548387730252,3270.1474609375,7.533231735229492,塘格木镇,35.41467100342318,0.0,0.3,0.2350088533327001,0.8012007251683574,1.0,0.7,0.5375551721993986,56.88277145650561
36.0,98.5,3.1858472166666667,0.0921033366105967,12.156767133333334,0.0345077772499999,477.789046,62.86562663983152,0.4777890493333333,0.0272516373,0.0035898415453018,238.8945236666667,31.43281452016573,0.5143847988455557,0.0,0.4856152011544443,0.0002091390739492,0.0289101549279453,0.1315761153717022,0.1317293895329313,190.73754993886777,2326,4652.0,0.2691996103774653,0.2692004532592405,0.922907695188167,0.3187911855847957,0.6463333225374119,0.47777890765359,181.766321103331,3981.15380859375,15.25461196899414,子科滩镇,91.84095397906049,0.5,1.0,0.6396288328350089,0.3187911855847957,0.5,0.0,0.4689543404960942,120.59523307181766
36.0,100.75,2.5883738433333336,0.1308985753040633,14.692297033333334,0.01810372631,474.52068,105.81001485534117,0.4745206773333333,0.0270645347666666,0.0060337273037142,237.260339,52.90500696571697,0.6961869339022382,0.0,0.3038130660977617,0.0021063203333582,0.0505717424247692,0.2229829369192954,0.2229385191998773,35.876168029543486,2342,4684.0,0.2671409218949638,0.2671341881047092,0.922158771765587,0.901696731343222,0.3215902369907786,0.5315223405313889,35.73439211521992,2574.2060546875,4.985188484191895,过马营镇,45.87120330746416,0.0,0.0,0.3099902567392126,0.901696731343222,1.0,1.0,0.5642253690493569,105.63243978087772
35.75,100.75,3.01315849,0.1290652422102983,13.64029025,0.0306932125433333,468.6428313333333,96.33457992381264,0.4686428306666667,0.0267290102666666,0.0054911302832933,234.32141566666667,48.16729079162086,0.5745877415142517,0.0,0.4254122584857482,0.0012393226372565,0.0428338710488137,0.2055607671405783,0.2054370973152426,62.39653855616735,2371,4742.0,0.2634385644013558,0.2634288262879015,0.9208013480621606,0.8018728058109743,0.538796140121353,0.5360782064773086,59.97377385224653,3295.636962890625,11.621870994567873,茫曲镇,20.23887719698835,0.0,0.7,0.1261867042370007,0.8018728058109743,1.0,0.3,0.5169756253931789,121.62263289317092
34.5,100.5,3.1564720166666667,0.1210017142306586,12.078693166666666,0.0415580403,468.34412433333335,88.75576059728398,0.4683441236666666,0.0267124998666666,0.0050650422197042,234.1720623333333,44.37788010815932,0.5267869039598773,0.0,0.4732130960401227,0.0003004112915969,0.0383344802652298,0.1895097130205781,0.1896131865226394,199.93365443527756,2373,4746.0,0.2632504139125359,0.2632464938330726,0.920707732634338,0.2841766145132941,0.6241801290072986,0.4668458611766837,194.5911216279784,4066.591552734375,25.99011993408203,河北乡,49.58708335352479,1.0,1.0,0.3366359833187794,0.2841766145132941,0.0,0.0,0.3989958334751632,228.97054433826216
35.0,100.0,3.1965492033333334,0.15145338555288,11.215857949999998,0.03499094945,460.2544323333333,88.11718495993968,0.4602544296666667,0.0262509812,0.0050237774766661,230.1272163333333,44.05859150594334,0.4970072818158378,0.0,0.5029927181841621,5.322046726716667e-05,0.0473802766417441,0.1914532023368369,0.1913748457016221,153.77555010611428,2415,4830.0,0.2581548537006793,0.2581497165628273,0.9187418086500656,0.4579178963192346,0.67737381883087,0.4951869179162578,146.1552702793718,3855.921630859375,24.63877487182617,温泉乡,38.97434220872661,0.5,1.0,0.2605344420153129,0.4579178963192346,0.5,0.0,0.448789433796275,164.1450941632287
36.25,101.0,2.89175489,0.1331701243444624,13.737905583333331,0.0294105766166666,459.093147,104.42740871135992,0.459093146,0.0261845871999999,0.0059557000402784,229.54657366666663,52.21370474284839,0.6142767464297894,0.0,0.3857232535702106,0.0014635784448269,0.0460516639238612,0.2274645339268371,0.2274505988881301,36.906732156550056,2421,4842.0,0.2574233797039999,0.2574164950172607,0.918460962366598,0.8978176393611839,0.4679018686402798,0.5397883862745072,44.83622456272391,3186.801513671875,19.97763633728028,倒淌河镇,23.190831540408222,0.0,1.0,0.1473544941912319,0.8978176393611839,1.0,0.0,0.5077887656540411,117.07716151081212
35.5,100.75,2.9772149166666666,0.1249118743500724,13.3923245,0.03459636706,455.49502,94.3654920165714,0.4554950203333333,0.0259792719666666,0.0053808140858822,227.74750966666667,47.182746551540205,0.5865879951925876,0.0,0.4134120048074123,0.0010454666433781,0.0419559480408373,0.2071712924909066,0.2071195102305483,89.69444266892295,2440,4880.0,0.2551569803431335,0.2551490980730668,0.9175716158022842,0.6991222071870773,0.5173607515565811,0.5135742239018442,86.3845640447807,3512.51171875,18.727638244628903,茫曲镇,8.220526922487773,0.5,1.0,0.0400058611036759,0.6991222071870773,0.5,0.0,0.4431836403257778,141.3200207914333
35.75,101.0,3.03750734,0.117045358652281,13.648954616666666,0.03281651579,454.798784,89.54099971984606,0.454798785,0.0259394082333333,0.0051042180003005,227.3993913333333,44.77049951211482,0.5667303149770025,0.0,0.4332696850229974,0.0011708190899185,0.0385333582938044,0.1968804730134152,0.1967746509244355,70.96667143975132,2444,4888.0,0.2547184330585567,0.2547088632903055,0.9173843849466392,0.7696144214149678,0.5528314259961132,0.5274287046241444,71.5134748826353,3381.5966796875,3.817861795425415,过马营镇,18.62778068886205,0.0,0.0,0.114633899378744,0.7696144214149678,1.0,1.0,0.5438662212900871,139.49530823041218
34.5,100.25,3.15866857,0.1228957457847157,11.8813941,0.0499669259,450.003821,91.13464042808369,0.4500038286666666,0.0256665780666666,0.0052017345262232,225.00191,45.567319810370826,0.5226422678011494,0.0,0.4773577321988505,0.0002433960459448,0.0389074520042841,0.2025197035562142,0.2026656811325674,202.15379015384767,2470,4940.0,0.2516981669371613,0.2516958657832976,0.9161673843849466,0.2758199189528176,0.6315834630453383,0.459421803481501,195.9065495798868,3940.21630859375,21.489721298217773,河北乡,68.44353999948552,0.5,1.0,0.4718513244545586,0.2758199189528176,0.5,0.0,0.4369963961978833,223.01756316595865
36.0,99.75,2.7758586666666667,0.1692029751460599,13.410107616666666,0.0228942828666666,447.1408426666666,138.3343354175074,0.4471408433333333,0.0255032987333333,0.0078932285328915,223.57042116666665,69.16716826048284,0.6541307774201328,0.0,0.3458692225798671,0.0012774055775964,0.0609551837699445,0.3093753068775972,0.3094983364867582,82.50643401563245,2485,4970.0,0.249894825291677,0.2498926919250338,0.915465268676278,0.7261782107904542,0.3967128202210184,0.5024113167822493,72.8721150034446,3577.12255859375,13.075721740722656,子科滩镇,35.87088906286272,0.5,0.7,0.238280288772435,0.7261782107904542,0.5,0.3,0.4674087954583295,51.05000222180959
35.5,98.5,3.176669593333333,0.1424341523102008,11.427291183333333,0.04465691155,432.5437653333333,106.19287091938054,0.432543766,0.0246708848333333,0.0060617567507101,216.27188166666667,53.09643489028398,0.5137617690113199,0.0,0.4862382309886801,8.369305753090666e-05,0.0448375722200124,0.2455078062159666,0.2457048781047342,208.23296463624425,2569,5138.0,0.2407003730839631,0.2406999364605596,0.9115334207077326,0.2529376194683861,0.6474462062265625,0.4509187179371481,198.55813991346503,4738.63134765625,24.130342483520508,子科滩镇,93.10592822524252,1.0,1.0,0.648699674055972,0.2529376194683861,0.0,0.0,0.4181609473950092,152.89801266375892
35.75,98.5,3.1168596,0.0997001079340749,11.4667137,0.0411212200999999,431.214186,72.27428601047878,0.4312141849999999,0.0245952820333333,0.0041278049162584,215.60709266666663,36.13714304436889,0.518585358601359,0.0,0.4814146413986409,0.0001065449010654,0.0319873593068083,0.1676064664776097,0.1678291353058733,197.73301168407625,2577,5154.0,0.239862893542166,0.239865017614503,0.9111589589964426,0.2924599376251815,0.6388300952749967,0.455473611505938,188.307195392663,4071.292236328125,15.19235134124756,子科滩镇,88.19873699229223,1.0,1.0,0.6135113272186028,0.2924599376251815,0.0,0.0,0.4189367141169736,134.86219685802766
36.0,101.0,2.67609184,0.120191403444281,13.808197716666664,0.0228605411566666,427.9757606666666,89.75194010636734,0.4279757636666667,0.0244096426,0.0051167672149876,213.98787966666663,44.87597121107799,0.6719471475742529,0.0,0.3280528524257471,0.0012659276725636,0.0449130338681803,0.2097126714993365,0.209620734675881,49.25877236270003,2597,5194.0,0.2378230641793668,0.2378149101917454,0.9102228047182176,0.8513239774241379,0.3648884248953749,0.5106530415748718,52.81548387730155,3081.39501953125,13.725272178649902,过马营镇,28.286855399430088,0.0,0.7,0.1838969166341735,0.8513239774241379,1.0,0.3,0.5008973880297121,125.73907609624072
35.75,101.25,3.04341926,0.1203638444806086,13.496277383333334,0.0424362982666666,424.242506,97.95201476540896,0.4242425046666666,0.024196417,0.0055833185678878,212.121254,48.976006886739015,0.5633695448761135,0.0,0.4366304551238865,0.0012049097154643,0.0395488870240667,0.2308868474518415,0.2307498076218399,84.79476330856197,2620,5240.0,0.2354715501859794,0.2354601551839713,0.9091462272982588,0.7175648313996446,0.5588345835059814,0.5085382359776975,87.42447349655201,3530.433349609375,6.484143257141113,过马营镇,7.494316434461122,0.5,0.3,0.0347983716628674,0.7175648313996446,0.5,0.7,0.4755915710950529,158.53892036294798
35.25,101.75,3.0118452733333334,0.1664899707402281,12.927449533333334,0.0387856319399999,414.911373,137.19956157476463,0.414911372,0.0236642961333333,0.0078270491498239,207.45568666666668,68.59978080936145,0.5798483648143989,0.0,0.420151635185601,0.0008401639344261,0.0552783943499085,0.3306719711796491,0.3307535160024838,156.35410520672374,2678,5356.0,0.2295940272782666,0.2295836831490725,0.906431379891406,0.4482120932994151,0.5293993800565954,0.4615745417867178,158.3918389669789,3648.90283203125,4.964583396911621,过马营镇,79.18574673533533,0.5,0.0,0.5488812339232678,0.4482120932994151,0.5,1.0,0.4986837447552291,227.0938609029693
37.5,101.0,3.00023841,0.1538472395827204,12.527876766666669,0.0394040876433333,414.729526,126.3449918444758,0.4147295193333333,0.0236554732666666,0.0072134818923573,207.3647633333333,63.17249539290728,0.5769682735733712,0.0,0.4230317264266287,0.0006161056632648,0.0512783381047109,0.3046443137604719,0.3049392337680272,138.6482540817756,2680,5360.0,0.2294794849276004,0.2294862478998982,0.9063377644635836,0.5148577520547302,0.5345439275393604,0.4720085917363012,145.9350788266559,4044.993408203125,36.26054763793945,倒淌河镇,118.12118493979094,1.0,1.0,0.8280783629456109,0.5148577520547302,0.0,0.0,0.4563914681789383,162.39266605602367
36.0,100.5,2.4921090733333333,0.1286862125751411,14.167328166666667,0.0214751519466666,413.5509236666667,101.70213020575122,0.4135509263333333,0.0235871020666666,0.005800321577465,206.77546266666664,50.851066204091154,0.716211054137452,0.0,0.2837889458625479,0.0015893155675324,0.0516374720320793,0.2459240794435413,0.2459107338015065,33.99304028372763,2687,5374.0,0.2287371032454135,0.228731191163805,0.9060101104662048,0.9087849129988032,0.285822259961726,0.5057698597689293,27.79873166114008,2984.807861328125,8.04916763305664,塔秀乡,49.22126694940364,0.0,0.3,0.334012797488853,0.9087849129988032,1.0,0.7,0.531927113958185,86.67017198152827
35.75,100.5,2.839323413333333,0.1265587425028277,12.776590233333334,0.0261770684933333,407.1928636666667,85.51090894608684,0.4071928683333333,0.0232242086333333,0.0048743261761138,203.596431,42.755453976704445,0.6136110903178049,0.0,0.386388909682195,0.0006576818790494,0.0445735564707118,0.2100010009411343,0.209881260243152,61.329749035675086,2729,5458.0,0.224732268752259,0.2247235807763565,0.9040441864819322,0.8058882518827135,0.4690908932887054,0.5061677705127096,55.597463322279445,3151.336181640625,5.220975875854492,塔秀乡,21.50905365377229,0.0,0.3,0.1352948493212717,0.8058882518827135,1.0,0.7,0.5141406062130349,105.51773105529124
35.5,101.5,2.99495187,0.1495457888767463,13.06235645,0.0469443731666666,406.1686056666667,118.89999195496048,0.4061686093333333,0.0231657926333333,0.0067821746728506,203.0843033333333,59.44999450220696,0.5810376899468522,0.0,0.4189623100531476,0.0008666857965083,0.049932618408571,0.2927355543883147,0.2927667867963129,120.5283173102597,2736,5472.0,0.2240871059560145,0.224078464202483,0.9037165324845534,0.5830620487146498,0.5272749544379929,0.4781577604994361,122.7710880779572,4302.72021484375,15.309014320373535,过马营镇,43.31740125432137,1.0,1.0,0.2916775258644581,0.5830620487146498,0.0,0.0,0.4091039300557467,192.4888109661297
36.75,101.25,2.522708843333333,0.1564577348867489,14.0230033,0.0219834025066666,389.774078,123.39309332887056,0.3897740786666667,0.0222317597,0.0070436521982125,194.88703783333327,61.696547073891566,0.7080913408355582,0.0,0.2919086591644417,0.0014829162196105,0.0620197353730351,0.3165759353778025,0.3168283704601466,77.43718246475255,2851,5702.0,0.2137604701742756,0.2137634798516708,0.8983336453847595,0.745259112726242,0.3003260541585814,0.4732857206936011,87.09279080136152,3233.692138671875,30.500471115112305,倒淌河镇,46.69035790989141,0.0,1.0,0.3158642271828523,0.745259112726242,1.0,0.0,0.4667471554043912,140.4991941114392
34.75,99.5,3.1318778766666666,0.1043370556826079,11.69453055,0.0517366680833333,357.384695,58.68296862105069,0.357384693,0.0203841068333333,0.0033493000472213,178.692347,29.34148485930401,0.5063731899426936,0.0,0.4936268100573063,9.889296437689669e-05,0.0333145351739118,0.1642011240046267,0.1643093844928425,198.34662171166784,3110,6220.0,0.1933589454559822,0.1933589419330925,0.8862104474817449,0.2901502805395591,0.6606440158331596,0.4278190275580992,189.7717513224784,5704.873046875,20.897855758666992,温泉乡,53.98923715300539,1.0,1.0,0.3682028221424692,0.2901502805395591,0.0,0.0,0.3745664129453241,190.98955538395663
35.75,101.5,2.85711001,0.120668424149926,13.095697466666667,0.0323402269666666,351.56880966666665,95.32941595446788,0.3515688083333333,0.0200514379999999,0.005435236832124,175.78440533333332,47.664707384569866,0.6227625362843194,0.0,0.3772374637156806,0.000908365978824,0.0422344340006446,0.2711543610619288,0.2710646903291439,101.75934417815202,3161,6322.0,0.1896956176183769,0.1896851166455933,0.8838232540722711,0.6537093488485364,0.4527441721709769,0.4591323416770776,105.75169664865682,3195.20458984375,19.40596008300781,过马营镇,27.97584648101283,0.0,1.0,0.1816667427584752,0.6537093488485364,1.0,0.0,0.4442344944473588,178.37873207818723
36.25,101.25,2.8177769,0.1155870901662405,12.4961686,0.0256516527666666,337.1997543333334,81.58367770981005,0.337199754,0.0192321961666666,0.004652902599214,168.59987813333333,40.79183861689562,0.6057809342016618,0.0,0.3942190657983381,0.0005511993579026,0.0410206678059716,0.241944653462475,0.2419329835704624,59.18061172702743,3296,6592.0,0.1806447926131112,0.18063782678162,0.877504212694252,0.8139777060795035,0.4830774675204953,0.4801014589777954,67.25424357220312,3410.05078125,7.383144855499268,河阴镇,22.568131810159,0.0,0.3,0.142889256737999,0.8139777060795035,1.0,0.7,0.4963419076123876,139.092432118923
36.0,101.25,2.7120243766666667,0.1100898376315912,12.73287765,0.0243786468533333,331.5512016666667,73.91674255534254,0.3315512093333333,0.0189098203666666,0.0042131604034282,165.7756,36.9583719669832,0.6420671665377482,0.0,0.3579328334622518,0.000703146443097,0.0405932330766517,0.2229421645398124,0.2228027724078767,67.62766376739535,3352,6704.0,0.177086864793011,0.1770776725157382,0.8748829807152219,0.7821826037826407,0.4182613802506247,0.466415867712315,72.87211500344354,3349.64013671875,16.101743698120117,河阴镇,8.287403612774545,0.0,1.0,0.0404854185656604,0.7821826037826407,1.0,0.0,0.438380033994534,146.5196114503155
35.0,100.5,2.87866612,0.1223204805258467,11.897508733333332,0.0364889165666666,331.499278,81.37888344993449,0.3314992766666667,0.0189074492333333,0.0046429733951671,165.74963883333334,40.68944177218437,0.5970161917475526,0.0,0.4029838082524473,0.0002242766008766,0.0424920693914467,0.2454873625695633,0.2455631818903287,144.4022183682152,3352,6704.0,0.1770541589532929,0.1770514869259653,0.8748829807152219,0.4931995590868705,0.4987334415698735,0.4311005682700043,138.99365830569897,3708.334716796875,10.954422950744627,尕巴松多镇,32.79730632166518,0.5,0.7,0.216240329374809,0.4931995590868705,0.5,0.3,0.4085339166242626,176.84363681841205
36.5,101.25,2.594193146666667,0.1365832494379204,12.94614205,0.0234477070533333,329.2990473333333,99.7293010451202,0.3292990493333333,0.0187820360333333,0.0056913859048601,164.64952350000002,49.86465068297003,0.687251655147175,0.0,0.3127483448528249,0.0007680111618467,0.0526496069166704,0.3028532935419309,0.3030228402692542,63.06095129530151,3375,6750.0,0.175668270857433,0.1756664873727176,0.873806403295263,0.7993719249229255,0.3375508305901541,0.4599462513530434,72.67326170454378,3792.295166015625,35.38275146484375,倒淌河镇,32.3346382964082,0.5,1.0,0.2129226427042786,0.7993719249229255,0.5,0.0,0.4192415799411902,137.0062541435397
35.5,99.75,2.772573733333333,0.1443573347888218,11.8277857,0.0336003618666666,323.0859693333333,99.80172121305912,0.323085974,0.0184278345666666,0.0056940180435435,161.54298476666665,49.90086066925089,0.616548311167669,0.0,0.383451688832331,0.0002052507256863,0.0520661842292171,0.3089014401306049,0.3089900781854854,116.62010490913283,3440,6880.0,0.1717547580747509,0.1717548666414623,0.8707639018910316,0.5977727445287464,0.4638442983495462,0.4396187177377422,107.33691601854603,3906.925048828125,16.186786651611328,唐乃亥乡,25.61956639696796,0.5,1.0,0.1647703967822645,0.5977727445287464,0.5,0.0,0.3968364317745887,106.60690288122724
34.75,100.75,2.793302,0.1312091940095346,11.9096035,0.0375321648333333,320.7044813333333,85.1784461441949,0.3207044806666667,0.0182915900333333,0.0048602836440074,160.352241,42.58922247647836,0.6383945384301886,0.0,0.3616054615698114,0.0002394453177632,0.0469727920609854,0.2655979292527012,0.2657113807575184,172.55030192292276,3465,6930.0,0.1702546990492882,0.1702502513553595,0.8695937090432504,0.3872488449435746,0.4248215924469356,0.4030943732329007,168.3205468058227,3876.379150390625,27.60697364807129,河北乡,15.169126290187297,0.5,1.0,0.0898326791299892,0.3872488449435746,0.5,0.0,0.3552007490486646,211.61706979330648
35.25,100.0,2.79734165,0.1440186696539933,10.883198983333331,0.0280228391699999,312.2553063333333,69.43064421943424,0.3122553063333333,0.0178099065333333,0.0039591096669428,156.12765323333332,34.71532218289782,0.596890153121907,0.0,0.403109846878093,4.1804942153013336e-05,0.051484118736084,0.2223521676371989,0.2222981720613133,128.04626344366503,3559,7118.0,0.1649327065738006,0.1649307839284316,0.8651937839355925,0.5547641448741623,0.4989585773867739,0.4318748942115263,120.00050390551806,3862.9453125,22.98752784729004,温泉乡,30.805075683358485,0.5,1.0,0.2019544987737827,0.5547641448741623,0.5,0.0,0.3945180012687996,136.74181876032213
35.25,100.5,2.5850496166666668,0.1268258142947766,12.605498916666669,0.0339854974233333,295.79814266666665,81.30893214221024,0.2957981463333333,0.0168710824,0.0046374071757089,147.8990717,40.65446604391491,0.7001914647636632,0.0,0.2998085352363367,0.0004675478869841,0.04906126887356,0.2748797927167407,0.2748731270323804,116.66008339524852,3757,7514.0,0.154566617434699,0.1545628880032435,0.8559258565811646,0.5976222636213662,0.3144371652862002,0.4123510830481745,111.19492664455888,3122.9638671875,23.280797958374023,尕巴松多镇,7.024068070222953,0.0,1.0,0.0314263281139206,0.5976222636213662,1.0,0.0,0.3895092467620479,151.70684940573463
34.75,100.0,2.92395357,0.1117227468944136,10.635342833333334,0.0390477133333333,293.873935,58.59271328365234,0.2938739296666667,0.0167614421999999,0.003343446207744,146.93696649999998,29.296356594111508,0.570600344337151,0.0,0.429399655662849,1.140512846104e-05,0.0382094804926788,0.1993804359806607,0.1994724659041573,180.12078510261068,3781,7562.0,0.1533545915595958,0.1533520774345145,0.8548024714472945,0.3587531891828966,0.545918606874496,0.3987822498814893,172.8239525270294,4264.49365234375,39.32835006713867,温泉乡,60.28742075626059,1.0,1.0,0.413365657368585,0.3587531891828966,0.0,0.0,0.3567591646699657,191.66228057517668
35.75,99.75,2.6166794266666664,0.1375326670344376,11.81048755,0.0314744215333333,290.45232300000004,100.31427465438868,0.2904523223333333,0.0165662629,0.0057228482533254,145.22616246666666,50.15713625902567,0.6804899734677413,0.0,0.3195100265322587,0.0002014455506483,0.0525599986123014,0.3453726023543928,0.3454519759749488,97.11357756363148,3826,7652.0,0.1511993760127479,0.1511966165794924,0.8526961243212882,0.6711962335096135,0.3496288481083688,0.4244154870373238,87.4244734965529,3453.87451171875,23.407176971435547,子科滩镇,24.66585759118788,0.0,1.0,0.1579315688975264,0.6711962335096135,1.0,0.0,0.4141521995738282,78.82130297569978
36.0,101.5,2.6640851933333334,0.1080043918282283,12.2237801,0.0220882815933333,288.4972,71.63731336724871,0.2884972006666667,0.0164543042,0.0040846902966477,144.24860036666666,35.81865701789773,0.639214293734561,0.0,0.360785706265439,0.0004332493283761,0.0405408926480658,0.2483119883563816,0.2482444864880837,87.9107954939103,3852,7704.0,0.1499678770918885,0.1499602016767373,0.8514791237595956,0.7058359392820163,0.4233573089452479,0.4360633061896402,94.01882535737512,2518.849365234375,15.044854164123535,河西镇,11.949194676689068,0.0,1.0,0.0667432854158044,0.7058359392820163,1.0,0.0,0.4165803731781923,167.7236374134733
35.75,100.25,2.56524511,0.1147299203417113,11.672127466666666,0.02154344116,282.1522273333333,67.60968164954029,0.2821522243333333,0.0160925403666666,0.0038547635530709,141.0761136,33.80484040206261,0.6762176040289111,0.0,0.323782395971089,0.0001786352937262,0.0447247399067106,0.2396212934008368,0.2395372927605315,68.11974459275288,3938,7876.0,0.1459712860887225,0.1459650660167913,0.8474536603632279,0.7803303883463207,0.357260345030714,0.4376234068758014,59.97377385224694,3193.65185546875,1.886752724647522,唐乃亥乡,27.524416889199845,0.0,0.0,0.1784296443257294,0.7803303883463207,1.0,1.0,0.4793654172122672,92.112677787115
34.75,99.75,2.975671463333333,0.1164848919794898,10.7568928,0.0449689862666666,281.885575,50.77099618316453,0.2818855753333333,0.0160777394833333,0.0028962120562594,140.94278673333332,25.38549785005735,0.5457591948000099,0.0,0.45424080519999,1.1415525114153334e-05,0.0391457502667327,0.1801120762677002,0.1801380137588213,188.09745976669336,3942,7884.0,0.1458033262924618,0.1458016125939914,0.8472664295075829,0.3287286095163725,0.5902909765757726,0.3930563168684657,180.0795039853709,4502.51708984375,21.91178131103516,温泉乡,52.49729641565148,1.0,1.0,0.357504456084449,0.3287286095163725,0.0,0.0,0.3472564967201043,189.9867541132513
35.5,100.5,2.6241117866666666,0.109489604506253,11.959623366666667,0.02995730649,278.5632693333334,69.02327345709662,0.278563269,0.0158878692,0.0039359652769629,139.28163379999998,34.51163678648041,0.6753699960908583,0.0,0.3246300039091415,0.000273629513187,0.0417244437003708,0.2477831108971593,0.2477339929864845,88.95328852910698,3989,7978.0,0.1437106621259284,0.1437047818170745,0.845066466953754,0.701911946326907,0.3587743801494504,0.424285001703613,83.39619498341952,3896.3603515625,19.939929962158203,塔秀乡,6.934301592459812,0.5,1.0,0.0307826332171967,0.701911946326907,0.5,0.0,0.3725074596174613,127.67827294889156
37.0,101.25,2.5466103466666667,0.1365417222585494,12.383213033333334,0.02871314425,274.000117,91.98822824408003,0.2740001166666667,0.0156286232433333,0.0052519886971475,137.0000584,45.994114301946766,0.6899350001247598,0.0,0.3100649998752401,0.000387919920819,0.0536170452763898,0.3357233173885106,0.3360493509489334,97.78469079022888,4056,8112.0,0.1408364096240564,0.1408418014117849,0.8419303501217,0.6686701316707153,0.3327577200618576,0.414478162456792,106.93169317626922,3532.00537109375,26.460037231445312,倒淌河镇,69.71353125776571,0.5,1.0,0.4809581415226845,0.6686701316707153,0.5,0.0,0.4086430940254432,149.17987225172797
35.0,100.25,2.7121826833333333,0.111856560292238,10.688336366666666,0.0346401236333333,248.311214,59.10211821015845,0.2483112173333333,0.0141626847333333,0.0033715433163513,124.15560746666668,29.551059478640525,0.6289082162670193,0.0,0.3710917837329806,2.659463865392e-05,0.0412422662306669,0.2380163072705949,0.2380582057592548,147.44229964858204,4475,8950.0,0.1246554039673465,0.1246527225792647,0.8223179179928852,0.4817565497579222,0.4417664843691153,0.3843467761048781,140.81821391091802,3397.218994140625,29.532697677612305,尕巴松多镇,42.84446406359003,0.0,1.0,0.2882862013552358,0.4817565497579222,1.0,0.0,0.3945905348508503,169.11377061938327
34.75,100.5,2.670868566666667,0.10667520122539,10.92892045,0.0354771512066666,240.9473412,63.94518140302451,0.2409473423333333,0.0137426445,0.0036490778000952,120.47367046666666,31.972590728095987,0.6619372603571458,0.0,0.3380627396428541,4.558932388484666e-05,0.0399402660830009,0.2653906911134843,0.2655295201804284,172.16261027210933,4612,9224.0,0.1200170249975598,0.1200140120167985,0.8159052611870437,0.3887081346032504,0.3827685320780747,0.3605672985976836,166.79238996683833,3654.91748046875,27.68431663513184,河北乡,37.49947086056948,0.5,1.0,0.2499584766461685,0.3887081346032504,0.5,0.0,0.3389606641623378,202.67671932861052
34.75,100.25,2.6969465,0.0982878401061655,10.269830066666666,0.0289544164366666,230.83825866666663,51.958818020888735,0.2308382576666666,0.01316611058,0.00296517670607,115.41912976666669,25.97940974693493,0.6419844611622627,0.0,0.3580155388377373,3.80517503805e-06,0.0364441193424361,0.225087549702573,0.2252128058664758,174.72815970416778,4814,9628.0,0.1136494848322201,0.1136470648243805,0.8064501029769706,0.3790512855332872,0.418409112282584,0.3571353882170363,168.32054680582286,3699.02685546875,37.78151321411133,河北乡,60.209173290880976,0.5,1.0,0.4128045626770975,0.3790512855332872,0.5,0.0,0.353399536593307,195.94742996194017
35.5,101.75,2.695420383333333,0.1217627767139465,10.941820933333334,0.0358998953333333,214.9547673333333,76.69879736459482,0.2149547668,0.0122599306833333,0.0043759713381046,107.4773827,38.34939908302297,0.6521410867413562,0.0,0.3478589132586437,3.803095707429333e-05,0.0451739466937497,0.3568136604556294,0.3569327960437424,136.80622831776773,5170,10340.0,0.1036447421963447,0.1036396752350435,0.7897865568245647,0.5217912239121543,0.4002668944903214,0.3675633699479085,140.13903328155993,4270.9384765625,28.01213836669922,过马营镇,60.213429815410784,1.0,1.0,0.4128350852417106,0.5217912239121543,0.0,0.0,0.3348703947873918,211.58750771747992
35.75,100.0,2.3469159966666666,0.1052240263961364,11.098368433333333,0.01942041469,209.94139583333333,63.28305559355023,0.209941397,0.0119740315999999,0.0036098220235492,104.97069813333331,31.641527151496824,0.7564342598830585,0.0,0.2435657401169415,7.218396253877e-05,0.0448350203184035,0.3014320036425255,0.3014708950283067,80.80969431588524,5293,10586.0,0.1004869042536078,0.1004823512636379,0.7840292080134806,0.7325648190493824,0.2139737751222452,0.377531943901812,71.51347488263602,3692.17333984375,4.221982002258301,唐乃亥乡,15.660787236341465,0.5,0.0,0.0933582674102039,0.7325648190493824,0.5,1.0,0.3915970535178241,82.73054981546903
37.25,101.25,2.524272686666667,0.1319017907804233,10.992935153333333,0.03220764795,201.97591116666663,75.31175198604788,0.2019759096666666,0.01152055654,0.0042997648203127,100.98795546666666,37.65587598588682,0.6971701869734095,0.0,0.3028298130265904,0.0001140928712228,0.0522533843023913,0.3728749213261479,0.3732254431792152,121.1307935716717,5502,11004.0,0.0954695801409444,0.095474403491722,0.7742463958060288,0.580794299650067,0.3198339064828567,0.3603998892879306,129.7270262995388,3416.260498046875,17.65052032470703,倒淌河镇,95.3178345822242,0.0,1.0,0.6645607490307204,0.580794299650067,1.0,0.0,0.4144394386687106,162.2175880901252
36.5,101.5,2.343225863333333,0.1034468722851409,11.420657083333332,0.01964603231,196.1734176666667,55.90290498891077,0.1961734176666666,0.01118913505,0.0031907884998039,98.0867092,27.951452549530664,0.7297442631268143,0.0,0.2702557368731857,9.506699603263e-05,0.0441472048870199,0.2849667689630594,0.2851684679419396,84.32888350995708,5664,11328.0,0.0918146875927293,0.0918143532291763,0.766663546152406,0.7193184249354598,0.2616486382208003,0.3716357910241545,93.74479499331774,2726.02880859375,7.439675331115723,河阴镇,52.35456166410101,0.0,0.3,0.3564809378018155,0.7193184249354598,1.0,0.7,0.4294883629990714,159.34667208340855
35.75,101.75,2.510343493333333,0.1080117435628434,11.423253783333331,0.0367748422,195.07908666666663,66.01143777451713,0.1950790845,0.0111261775066666,0.0037652700473106,97.53954286666666,33.00571733291482,0.7133289043591088,0.0,0.2866710956408912,0.0001177940797298,0.0430266789583529,0.3383829548439062,0.3384154212041385,120.54328824969852,5696,11392.0,0.0911253869985656,0.091119082162093,0.7651656993072459,0.5830056973924769,0.2909704844956948,0.3534007604172408,125.44043261128162,3784.3837890625,25.230358123779297,河西镇,45.53833519493215,0.5,1.0,0.3076033355782383,0.5830056973924769,0.5,0.0,0.3429235160300075,198.7763697730813
35.25,100.25,2.4013363266666667,0.1153571333435878,11.140773133333331,0.0272666930866666,194.37146516666664,59.11788362358694,0.1943714646666667,0.01108613368,0.0033717926659385,97.1857335,29.55894280376089,0.7372404059685106,0.0,0.2627595940314893,0.0001139993013449,0.0480387241314576,0.3041489838690852,0.3041450485142051,120.39128153970324,5717,11434.0,0.0906796681800427,0.090676858520215,0.7641827373151096,0.5835778578185064,0.2482586934033107,0.3487475044999402,113.46041091491064,3198.2080078125,11.86367130279541,尕巴松多镇,28.40756902313072,0.0,0.7,0.1847625264417252,0.5835778578185064,1.0,0.3,0.3711069986700542,142.6500956764457
36.25,101.5,2.4515723633333333,0.0822721726963848,10.77496015,0.02524968891,181.605645,38.45747169529611,0.1816056456666666,0.0103580527466666,0.0021940075345436,90.8028223,19.22873622027964,0.6981351939183738,0.0,0.3018648060816262,1.1405128461043337e-05,0.0335589411623655,0.2117636359557881,0.2118166018463027,81.52979078980849,6119,12238.0,0.0826386938990711,0.0826363032405878,0.745366036322786,0.729854341957187,0.3181101680196977,0.3689495459940832,89.67215065300995,3388.5224609375,18.26250457763672,河阴镇,27.488367856522046,0.0,1.0,0.1781711449510769,0.729854341957187,1.0,0.0,0.3765496077596538,161.21005498112456
35.5,100.25,2.3452345366666667,0.1005919324467219,10.812618783333331,0.02950463069,180.71156116666668,52.66414203236906,0.1807115635,0.01030694284,0.0030036794577335,90.35578136666666,26.332071608808107,0.7593887599703903,0.0,0.2406112400296096,4.556853057863e-05,0.0428920565828334,0.2914265235293826,0.2914229276674242,93.77855101134976,6149,12298.0,0.0820755256094505,0.0820718714431393,0.7439618049054484,0.6837494307535519,0.208696315238131,0.350459529334671,86.38456404478102,3657.84423828125,20.352821350097656,塔秀乡,21.06790373039086,0.5,1.0,0.1321314640415234,0.6837494307535519,0.5,0.0,0.3240882560086565,116.80814381370554
36.0,101.75,2.3737668600000004,0.0853077732008923,11.2557289,0.0193895023966666,172.90460366666667,44.96175280638925,0.1729046051999999,0.0098615725866666,0.0025640015195879,86.4523018,22.48087636463085,0.7267828076785521,0.0,0.2732171923214478,8.733188611921001e-05,0.0359377218708379,0.2600379160121644,0.2599992543840915,109.04506833039488,6427,12854.0,0.0771580550787239,0.0771534290312035,0.7309492604381203,0.6262855394982159,0.2669385220809526,0.3419521005722156,115.65913328104544,3427.20703125,35.896453857421875,河西镇,34.30679691198131,0.0,1.0,0.2270645414175613,0.6262855394982159,1.0,0.0,0.3571989814909383,189.2087126845252
35.5,100.0,2.336960013333333,0.1039014373751683,10.607778633333334,0.0266849725333333,167.36899966666667,55.17332138199088,0.1673689986666666,0.0095460527833333,0.0031473963843941,83.68449966666667,27.58666087474937,0.7601878675216873,0.0,0.2398121324783125,2.2799860268976667e-05,0.0444600835197723,0.3296507805619587,0.3297065767213465,103.39378386961656,6639,13278.0,0.0736712717140428,0.0736689889032311,0.7210260250889347,0.6475572407592503,0.2072689136742775,0.3349521630484081,94.78603425738469,3255.4287109375,8.733440399169922,唐乃亥乡,12.138159551726654,0.0,0.3,0.068098309348488,0.6475572407592503,1.0,0.7,0.3702374714652621,109.5379796052889
36.75,101.5,1.9650741333333333,0.1023675353042681,12.290204733333333,0.0155454261766666,160.24146293333334,59.08206485791078,0.160241465,0.0091400114166666,0.0033731314037565,80.12073149999999,29.54103286095473,0.825230015553393,0.0,0.1747699844466069,0.0003117436434862,0.0520934724893168,0.3687064744440782,0.3690511149259337,95.50428989006606,6934,13868.0,0.069181756836725,0.0691848746996746,0.7072177494851151,0.6772536682171975,0.0910877267162062,0.3220927622664314,105.26402746255924,2461.0,0.2112340182065963,倒淌河镇,63.94595681194373,0.0,0.0,0.4396001832986045,0.6772536682171975,1.0,1.0,0.4107811859896106,162.2937422706836
36.5,101.75,2.1550022566666667,0.0823747979033496,10.8239716,0.0170963477233333,156.51896556666668,35.322216598922154,0.1565189643666666,0.0089274963366666,0.002016750610387,78.25948326666666,17.66110840259302,0.7745170026864951,0.0,0.2254829973135048,2.6625828613246665e-05,0.0382249241960266,0.22567371609594,0.2259032694422827,106.05337881660652,7099,14198.0,0.0668370186847253,0.0668379663131698,0.6994944766897584,0.637546399935298,0.1816735730849954,0.3220916353392854,115.31105566231776,2650.6552734375,22.746902465820312,河阴镇,63.17389275922083,0.0,1.0,0.4340638884247761,0.637546399935298,1.0,0.0,0.361469077527406,181.68951707322952
36.75,101.75,2.016923846666667,0.0810366211472265,11.665720883333334,0.01842369641,148.9267011,41.3748428718107,0.1489267002,0.00849457053,0.0023625778866979,74.46335046666667,20.68742203714125,0.8157843131139224,0.0,0.1842156868860776,0.0001330459698413,0.0401783246705889,0.2778201797676877,0.2781279969780783,115.08114009425071,7461,14922.0,0.0620547796657072,0.0620569540367695,0.682550084253885,0.6035654806793712,0.1079600618754862,0.3029961740599916,124.79788069956496,2340.261962890625,2.318739175796509,倒淌河镇,83.63250346733739,0.0,0.0,0.5807679101824726,0.6035654806793712,1.0,1.0,0.4091915525548675,184.2127370971275
36.25,101.75,2.28094132,0.075499601977176,10.049089933333333,0.0243022185433333,132.6274735,28.108233018053788,0.1326274742666666,0.0075645948766666,0.0016038844778223,66.3137366,14.054116530806311,0.7425932163917791,0.0,0.2574067836082208,0.0,0.0331001947815019,0.2119337138549486,0.2120251651241188,103.90559111750868,8378,16756.0,0.0517881717846466,0.051786776221372,0.6396274105972664,0.6456307741380861,0.2386972645858964,0.3065150020082876,112.08990849156616,2724.86181640625,19.743825912475582,河西镇,42.72817273238855,0.0,1.0,0.2874523027965206,0.6456307741380861,1.0,0.0,0.3372976272065425,183.3928808981756
37.5,101.25,2.27905583,0.105141681861533,10.265398483333334,0.0249169629966666,111.90534523333332,50.76164689189017,0.1119053448666666,0.0063830837366666,0.0028977459668683,55.9526725,25.380823559104225,0.7771928828671474,0.0,0.2228071171328525,7.228792906986e-05,0.0461338772299988,0.4536123523505271,0.4539727326813416,146.04447069624277,9930,19860.0,0.0387356535551994,0.0387387685072143,0.5669818386070025,0.4870180438650673,0.176893796510055,0.2518559956505189,154.1729458998884,3183.22802734375,4.1119890213012695,倒淌河镇,121.88736180701449,0.0,0.0,0.8550847565348539,0.4870180438650673,1.0,1.0,0.3977697403035666,178.66101516179754
37.0,101.5,2.0035858133333333,0.0889500622735946,10.60793155,0.0236311607666666,94.36952236666666,38.86873038162641,0.0943695229333333,0.0053828345866666,0.0022191814439005,47.18476106666667,19.434364866995345,0.8293335745356855,0.0,0.1706664254643145,1.900508188403333e-05,0.0443954342667309,0.411878002631024,0.4122700425157996,112.58877903537451,11775,23550.0,0.0276901352237784,0.0276925259594888,0.4806216064407415,0.6129468452606452,0.0837577665635558,0.234318750814669,122.14082555938548,2803.5224609375,9.357189178466797,倒淌河镇,82.23657802896324,0.0,0.3,0.5707580478900093,0.6129468452606452,1.0,0.7,0.3430217136769777,169.80097895037272
37.25,101.5,2.0402261966666666,0.0956654047912988,9.00126412,0.0191127906299999,73.4917805,31.8528358357555,0.0734917812666666,0.0041919513133333,0.0018184716411257,36.74589023333333,15.926418092221708,0.8290794283504255,0.0,0.1709205716495745,0.0,0.0468896071168959,0.4334203855049545,0.4338007541599423,133.32986133235568,15119,30238.0,0.0145395986187757,0.0145410171746336,0.3240966111215128,0.5348764332129126,0.0842117338195259,0.1769468741648271,142.48397789417626,2980.981689453125,16.27033805847168,倒淌河镇,104.79563941630614,0.0,1.0,0.7325239214294567,0.5348764332129126,1.0,0.0,0.2802735062633454,181.30279345058884
37.5,101.75,2.1963092066666667,0.0661036872438368,9.061067096666669,0.03177783,69.26080780000001,19.45368651326124,0.0692608073333333,0.00395046641,0.0011103263357946,34.630403933333334,9.72684315601973,0.8082386926000782,0.0,0.1917613073999217,0.0,0.0300976233415522,0.2808758247440082,0.2810620875003544,168.83462865549524,16043,32086.0,0.0118745804515117,0.0118741808030819,0.2808462834675155,0.4012348143770516,0.1214383859186321,0.1484778419113697,177.98989400412512,4412.0546875,34.09797668457031,倒淌河镇,140.08466030969817,1.0,1.0,0.9855734252698178,0.4012348143770516,0.0,0.0,0.2218199249720641,214.4173696051305
37.5,101.5,2.11426,0.0826491554577373,9.264409406666664,0.0292639349666666,67.29951993333333,27.39704868908525,0.0672995208,0.0038387200799999,0.0015638316889015,33.649759833333334,13.698524191890716,0.8332950632532374,0.0,0.1667049367467624,7.610350076103333e-06,0.0390912922051863,0.4070912945029128,0.4073836217048615,156.27835953154482,16510,33020.0,0.0106391983853732,0.0106401112065226,0.2589870810709604,0.4484972035934383,0.0766815786568795,0.1450092904293603,165.016434141825,3081.980712890625,2.346107721328736,倒淌河镇,129.40981112469865,0.0,0.0,0.9090265214042976,0.4484972035934383,1.0,1.0,0.321914724299521,196.0975526334956
37.0,101.75,1.8641222266666664,0.0669997617871314,9.605833866666666,0.02222484215,62.0234545,24.72616193765305,0.062023454,0.00353778331,0.0014116873520378,31.011727033333333,12.363080922480464,0.8762239979705733,0.0,0.1237760020294266,0.0,0.0359417214325786,0.3986582517368982,0.3990316049169848,129.55856129068852,17915,35830.0,0.0073158939756077,0.0073167186768234,0.1932222430256506,0.5490717844483417,0.0,0.1343244403517109,139.27584855064458,2566.95654296875,1.6498922109603882,倒淌河镇,98.27870012931908,0.0,0.0,0.6857924391899302,0.5490717844483417,1.0,1.0,0.292936293715523,190.7949277204635
37.25,101.75,1.92535734,0.0744267166475975,8.51669574,0.02443915116,50.408769066666665,20.93171656619495,0.0504087688,0.00287524656,0.0011948128611167,25.2043846,10.465858021488028,0.8667053838028462,0.0,0.1332946161971537,0.0,0.0386560536589003,0.4152395893363774,0.415551444435674,147.89379685643212,22043,44086.0,0.0,0.0,0.0,0.480057092972083,0.0170025733415717,0.0737088212799696,157.37341719346037,3752.397705078125,30.51700019836425,倒淌河镇,117.76448972174464,0.5,1.0,0.8255205830564628,0.480057092972083,0.5,0.0,0.1814603086558951,201.03779845898745
